<?xml version="1.0" encoding="utf-8"?>
<annotations>
  <version>1.1</version>
  <meta>
    <job>
      <id>3</id>
      <size>50</size>
      <mode>annotation</mode>
      <overlap>0</overlap>
      <bugtracker></bugtracker>
      <created>2026-01-26 23:21:07.725791+00:00</created>
      <updated>2026-01-28 23:37:35.322536+00:00</updated>
      <subset>default</subset>
      <start_frame>100</start_frame>
      <stop_frame>149</stop_frame>
      <frame_filter></frame_filter>
      <segments>
        <segment>
          <id>3</id>
          <start>100</start>
          <stop>149</stop>
          <url>http://localhost:8080/api/jobs/3</url>
        </segment>
      </segments>
      <owner>
        <username>django</username>
        <email>latchmepersad@gmail.com</email>
      </owner>
      <assignee></assignee>
      <labels>
        <label>
          <name>temp_dial</name>
          <color>#7b0278</color>
          <type>ellipse</type>
          <attributes>
            <attribute>
              <name>temp_c</name>
              <mutable>True</mutable>
              <input_type>number</input_type>
              <default_value>30</default_value>
              <values>-30
50
0.5</values>
            </attribute>
          </attributes>
        </label>
        <label>
          <name>temp_center</name>
          <color>#39a687</color>
          <type>points</type>
          <attributes>
          </attributes>
        </label>
        <label>
          <name>temp_tip</name>
          <color>#397169</color>
          <type>points</type>
          <attributes>
          </attributes>
        </label>
      </labels>
    </job>
    <dumped>2026-02-02 23:44:32.206133+00:00</dumped>
  </meta>
  <image id="100" name="PXL_20260125_115144597.jpg" width="3472" height="4624">
    <ellipse label="temp_dial" source="manual" occluded="0" cx="1547.01" cy="2157.48" rx="913.05" ry="937.57" z_order="0">
      <attribute name="temp_c">-7.5</attribute>
    </ellipse>
    <points label="temp_tip" source="manual" occluded="0" points="1048.68,1728.04" z_order="0">
    </points>
    <points label="temp_center" source="manual" occluded="0" points="1569.00,2184.55" z_order="0">
    </points>
  </image>
  <image id="101" name="PXL_20260125_115145405.jpg" width="3472" height="4624">
    <points label="temp_center" source="manual" occluded="0" points="1593.50,2292.50" z_order="0">
    </points>
    <ellipse label="temp_dial" source="manual" occluded="0" cx="1542.08" cy="2223.72" rx="832.08" ry="836.97" z_order="0">
      <attribute name="temp_c">-7.5</attribute>
    </ellipse>
    <points label="temp_tip" source="manual" occluded="0" points="1107.60,1855.70" z_order="0">
    </points>
  </image>
  <image id="102" name="PXL_20260125_115146294.jpg" width="3472" height="4624">
    <ellipse label="temp_dial" source="manual" occluded="0" cx="1456.15" cy="2091.17" rx="773.20" ry="755.97" z_order="0">
      <attribute name="temp_c">-7.5</attribute>
    </ellipse>
    <points label="temp_tip" source="manual" occluded="0" points="1048.68,1728.04" z_order="0">
    </points>
    <points label="temp_center" source="manual" occluded="0" points="1490.50,2130.60" z_order="0">
    </points>
  </image>
  <image id="103" name="PXL_20260125_115147221.jpg" width="3472" height="4624">
    <points label="temp_tip" source="manual" occluded="0" points="916.10,1654.40" z_order="0">
    </points>
    <points label="temp_center" source="manual" occluded="0" points="1348.10,2047.10" z_order="0">
    </points>
    <ellipse label="temp_dial" source="manual" occluded="0" cx="1301.60" cy="1993.02" rx="765.80" ry="743.67" z_order="0">
      <attribute name="temp_c">-7.5</attribute>
    </ellipse>
  </image>
  <image id="104" name="PXL_20260125_115148055.jpg" width="3472" height="4624">
    <points label="temp_tip" source="manual" occluded="0" points="1034.00,1708.40" z_order="0">
    </points>
    <ellipse label="temp_dial" source="manual" occluded="0" cx="1421.83" cy="2066.68" rx="738.82" ry="753.53" z_order="0">
      <attribute name="temp_c">-7.5</attribute>
    </ellipse>
    <points label="temp_center" source="manual" occluded="0" points="1421.70,2110.90" z_order="0">
    </points>
  </image>
  <image id="105" name="PXL_20260125_115148744.jpg" width="3472" height="4624">
    <points label="temp_center" source="manual" occluded="0" points="1470.80,2007.80" z_order="0">
    </points>
    <ellipse label="temp_dial" source="manual" occluded="0" cx="1483.22" cy="1961.13" rx="746.12" ry="765.78" z_order="0">
      <attribute name="temp_c">-7.5</attribute>
    </ellipse>
    <points label="temp_tip" source="manual" occluded="0" points="1097.80,1585.70" z_order="0">
    </points>
  </image>
  <image id="106" name="PXL_20260125_115149366.jpg" width="3472" height="4624">
    <points label="temp_tip" source="manual" occluded="0" points="965.20,1580.80" z_order="0">
    </points>
    <points label="temp_center" source="manual" occluded="0" points="1338.30,2002.90" z_order="0">
    </points>
    <ellipse label="temp_dial" source="manual" occluded="0" cx="1380.12" cy="1978.35" rx="731.42" ry="836.90" z_order="0">
      <attribute name="temp_c">-7.5</attribute>
    </ellipse>
  </image>
  <image id="107" name="PXL_20260125_115150021.jpg" width="3472" height="4624">
    <points label="temp_center" source="manual" occluded="0" points="1249.90,1978.40" z_order="0">
    </points>
    <points label="temp_tip" source="manual" occluded="0" points="837.60,1580.80" z_order="0">
    </points>
    <ellipse label="temp_dial" source="manual" occluded="0" cx="1291.80" cy="1921.87" rx="768.20" ry="805.02" z_order="0">
      <attribute name="temp_c">-7.5</attribute>
    </ellipse>
  </image>
  <image id="108" name="PXL_20260125_115150984.jpg" width="3472" height="4624">
    <points label="temp_center" source="manual" occluded="0" points="1387.40,1934.20" z_order="0">
    </points>
    <points label="temp_tip" source="manual" occluded="0" points="980.00,1556.20" z_order="0">
    </points>
    <ellipse label="temp_dial" source="manual" occluded="0" cx="1338.38" cy="1899.72" rx="778.08" ry="738.77" z_order="0">
      <attribute name="temp_c">-7.5</attribute>
    </ellipse>
  </image>
  <image id="109" name="PXL_20260125_115159520.jpg" width="3472" height="4624">
    <points label="temp_center" source="manual" occluded="0" points="1534.60,2179.60" z_order="0">
    </points>
    <points label="temp_tip" source="manual" occluded="0" points="675.60,1472.80" z_order="0">
    </points>
    <ellipse label="temp_dial" source="manual" occluded="0" cx="1456.23" cy="2083.85" rx="1435.82" ry="1435.80" z_order="0">
      <attribute name="temp_c">-7.5</attribute>
    </ellipse>
  </image>
  <image id="110" name="PXL_20260125_115200210.jpg" width="3472" height="4624">
    <points label="temp_center" source="manual" occluded="0" points="1549.40,2096.20" z_order="0">
    </points>
    <ellipse label="temp_dial" source="manual" occluded="0" cx="1453.76" cy="2027.43" rx="1327.85" ry="1290.98" z_order="0">
      <attribute name="temp_c">-7.5</attribute>
    </ellipse>
    <points label="temp_tip" source="manual" occluded="0" points="778.70,1467.90" z_order="0">
    </points>
  </image>
  <image id="111" name="PXL_20260125_115200940.jpg" width="3472" height="4624">
    <ellipse label="temp_dial" source="manual" occluded="0" cx="1409.65" cy="2459.79" rx="1078.66" ry="1208.49" rotation="98.30" z_order="0">
      <attribute name="temp_c">-7.5</attribute>
    </ellipse>
    <points label="temp_tip" source="manual" occluded="0" points="862.10,1806.60" z_order="0">
    </points>
    <points label="temp_center" source="manual" occluded="0" points="1485.50,2302.40" z_order="0">
    </points>
  </image>
  <image id="112" name="PXL_20260125_115201566.jpg" width="3472" height="4624">
    <points label="temp_center" source="manual" occluded="0" points="1264.70,2508.50" z_order="0">
    </points>
    <ellipse label="temp_dial" source="manual" occluded="0" cx="1171.50" cy="2707.25" rx="1210.00" ry="1084.85" z_order="0">
      <attribute name="temp_c">-7.5</attribute>
    </ellipse>
    <points label="temp_tip" source="manual" occluded="0" points="641.30,2047.10" z_order="0">
    </points>
  </image>
  <image id="113" name="PXL_20260125_115204481.jpg" width="3472" height="4624">
    <points label="temp_tip" source="manual" occluded="0" points="788.50,2027.50" z_order="0">
    </points>
    <points label="temp_center" source="manual" occluded="0" points="1357.90,2425.10" z_order="0">
    </points>
    <ellipse label="temp_dial" source="manual" occluded="0" cx="1435.26" cy="2597.86" rx="1304.97" ry="1122.02" rotation="324.60" z_order="0">
      <attribute name="temp_c">-7.5</attribute>
    </ellipse>
  </image>
  <image id="114" name="PXL_20260125_115207208.jpg" width="3472" height="4624">
    <points label="temp_tip" source="manual" occluded="0" points="975.00,2007.80" z_order="0">
    </points>
    <ellipse label="temp_dial" source="manual" occluded="0" cx="1659.68" cy="2620.51" rx="1341.90" ry="1120.20" rotation="104.50" z_order="0">
      <attribute name="temp_c">-7.5</attribute>
    </ellipse>
    <points label="temp_center" source="manual" occluded="0" points="1510.10,2503.60" z_order="0">
    </points>
  </image>
  <image id="115" name="PXL_20260125_115208285.jpg" width="3472" height="4624">
    <points label="temp_center" source="manual" occluded="0" points="1480.60,2587.10" z_order="0">
    </points>
    <ellipse label="temp_dial" source="manual" occluded="0" cx="1676.19" cy="2685.58" rx="1165.85" ry="1443.44" rotation="9.80" z_order="0">
      <attribute name="temp_c">-7.5</attribute>
    </ellipse>
    <points label="temp_tip" source="manual" occluded="0" points="984.90,2022.60" z_order="0">
    </points>
  </image>
  <image id="116" name="PXL_20260125_115209157.jpg" width="3472" height="4624">
    <ellipse label="temp_dial" source="manual" occluded="0" cx="1702.96" cy="2957.37" rx="1260.91" ry="1042.89" rotation="312.10" z_order="0">
      <attribute name="temp_c">-7.5</attribute>
    </ellipse>
    <points label="temp_center" source="manual" occluded="0" points="1618.10,2783.40" z_order="0">
    </points>
    <points label="temp_tip" source="manual" occluded="0" points="1215.60,2346.50" z_order="0">
    </points>
  </image>
  <image id="117" name="PXL_20260125_115218666.jpg" width="3472" height="4624">
    <ellipse label="temp_dial" source="manual" occluded="0" cx="1475.84" cy="2569.81" rx="1678.82" ry="1681.25" z_order="0">
      <attribute name="temp_c">-7.5</attribute>
    </ellipse>
    <points label="temp_center" source="manual" occluded="0" points="1569.00,2493.80" z_order="0">
    </points>
    <points label="temp_tip" source="manual" occluded="0" points="719.80,1664.20" z_order="0">
    </points>
  </image>
  <image id="118" name="PXL_20260125_115222662.jpg" width="3472" height="4624">
    <ellipse label="temp_dial" source="manual" occluded="0" cx="1726.15" cy="2896.25" rx="1450.57" ry="1467.70" z_order="0">
      <attribute name="temp_c">-7.5</attribute>
    </ellipse>
    <points label="temp_center" source="manual" occluded="0" points="1765.30,2862.00" z_order="0">
    </points>
    <points label="temp_tip" source="manual" occluded="0" points="1024.10,2130.60" z_order="0">
    </points>
  </image>
  <image id="119" name="PXL_20260125_115237147.jpg" width="3472" height="4624">
    <ellipse label="temp_dial" source="manual" occluded="0" cx="1767.88" cy="2285.12" rx="1183.03" ry="1160.92" z_order="0">
      <attribute name="temp_c">-7.5</attribute>
    </ellipse>
    <points label="temp_center" source="manual" occluded="0" points="1789.90,2336.70" z_order="0">
    </points>
    <points label="temp_tip" source="manual" occluded="0" points="1117.40,1762.40" z_order="0">
    </points>
  </image>
  <image id="120" name="PXL_20260125_115239306.jpg" width="3472" height="4624">
    <ellipse label="temp_dial" source="manual" occluded="0" cx="1549.49" cy="1929.23" rx="628.35" ry="620.95" z_order="0">
      <attribute name="temp_c">-7.5</attribute>
    </ellipse>
    <points label="temp_center" source="manual" occluded="0" points="1578.80,1963.70" z_order="0">
    </points>
    <points label="temp_tip" source="manual" occluded="0" points="1240.10,1649.50" z_order="0">
    </points>
  </image>
  <image id="121" name="PXL_20260125_115240763.jpg" width="3472" height="4624">
    <ellipse label="temp_dial" source="manual" occluded="0" cx="1549.47" cy="1877.65" rx="647.97" ry="635.70" z_order="0">
      <attribute name="temp_c">-7.5</attribute>
    </ellipse>
    <points label="temp_center" source="manual" occluded="0" points="1539.60,1880.20" z_order="0">
    </points>
    <points label="temp_tip" source="manual" occluded="0" points="1220.50,1580.80" z_order="0">
    </points>
  </image>
  <image id="122" name="PXL_20260125_115242004.jpg" width="3472" height="4624">
    <ellipse label="temp_dial" source="manual" occluded="0" cx="1573.98" cy="1953.77" rx="620.98" ry="596.42" z_order="0">
      <attribute name="temp_c">-7.5</attribute>
    </ellipse>
    <points label="temp_center" source="manual" occluded="0" points="1583.70,1953.80" z_order="0">
    </points>
    <points label="temp_tip" source="manual" occluded="0" points="1299.00,1649.50" z_order="0">
    </points>
  </image>
  <image id="123" name="PXL_20260125_115243334.jpg" width="3472" height="4624">
    <ellipse label="temp_dial" source="manual" occluded="0" cx="1367.82" cy="1882.57" rx="630.77" ry="638.12" z_order="0">
      <attribute name="temp_c">-7.5</attribute>
    </ellipse>
    <points label="temp_center" source="manual" occluded="0" points="1397.20,1890.00" z_order="0">
    </points>
    <points label="temp_tip" source="manual" occluded="0" points="1122.30,1531.70" z_order="0">
    </points>
  </image>
  <image id="124" name="PXL_20260125_115323183.jpg" width="3472" height="4624">
    <points label="temp_center" source="manual" occluded="0" points="1569.00,2479.10" z_order="0">
    </points>
    <ellipse label="temp_dial" source="manual" occluded="0" cx="1515.10" cy="2479.02" rx="1011.25" ry="1011.17" z_order="0">
      <attribute name="temp_c">5</attribute>
    </ellipse>
    <points label="temp_tip" source="manual" occluded="0" points="1357.90,1762.40" z_order="0">
    </points>
  </image>
  <image id="125" name="PXL_20260125_115323990.jpg" width="3472" height="4624">
    <ellipse label="temp_dial" source="manual" occluded="0" cx="1468.50" cy="2663.08" rx="1175.65" ry="1143.73" z_order="0">
      <attribute name="temp_c">5</attribute>
    </ellipse>
    <points label="temp_center" source="manual" occluded="0" points="1529.70,2650.90" z_order="0">
    </points>
    <points label="temp_tip" source="manual" occluded="0" points="1269.60,1860.60" z_order="0">
    </points>
  </image>
  <image id="126" name="PXL_20260125_115324736.jpg" width="3472" height="4624">
    <ellipse label="temp_dial" source="manual" occluded="0" cx="1527.39" cy="2886.42" rx="1153.53" ry="1185.47" z_order="0">
      <attribute name="temp_c">5</attribute>
    </ellipse>
    <points label="temp_center" source="manual" occluded="0" points="1593.50,2842.30" z_order="0">
    </points>
    <points label="temp_tip" source="manual" occluded="0" points="1362.80,2002.90" z_order="0">
    </points>
  </image>
  <image id="127" name="PXL_20260125_115325407.jpg" width="3472" height="4624">
    <points label="temp_tip" source="manual" occluded="0" points="994.70,1855.70" z_order="0">
    </points>
    <ellipse label="temp_dial" source="manual" occluded="0" cx="1208.30" cy="2663.09" rx="1175.67" ry="1170.73" z_order="0">
      <attribute name="temp_c">5</attribute>
    </ellipse>
    <points label="temp_center" source="manual" occluded="0" points="1249.90,2557.60" z_order="0">
    </points>
  </image>
  <image id="128" name="PXL_20260125_115325972.jpg" width="3472" height="4624">
    <points label="temp_center" source="manual" occluded="0" points="1750.60,2464.30" z_order="0">
    </points>
    <points label="temp_tip" source="manual" occluded="0" points="1490.50,1674.00" z_order="0">
    </points>
    <ellipse label="temp_dial" source="manual" occluded="0" cx="1745.84" cy="2533.00" rx="1244.38" ry="1202.65" z_order="0">
      <attribute name="temp_c">5</attribute>
    </ellipse>
  </image>
  <image id="129" name="PXL_20260125_115326457.jpg" width="3472" height="4624">
    <ellipse label="temp_dial" source="manual" occluded="0" cx="2165.49" cy="2550.17" rx="1229.67" ry="1195.25" z_order="0">
      <attribute name="temp_c">5</attribute>
    </ellipse>
    <points label="temp_center" source="manual" occluded="0" points="2074.60,2503.60" z_order="0">
    </points>
    <points label="temp_tip" source="manual" occluded="0" points="1843.90,1752.60" z_order="0">
    </points>
  </image>
  <image id="130" name="PXL_20260125_115326987.jpg" width="3472" height="4624">
    <points label="temp_tip" source="manual" occluded="0" points="1377.60,1512.10" z_order="0">
    </points>
    <ellipse label="temp_dial" source="manual" occluded="0" cx="1723.71" cy="2341.50" rx="1082.37" ry="1163.37" z_order="0">
      <attribute name="temp_c">5</attribute>
    </ellipse>
    <points label="temp_center" source="manual" occluded="0" points="1613.20,2292.50" z_order="0">
    </points>
  </image>
  <image id="131" name="PXL_20260125_115327587.jpg" width="3472" height="4624">
    <ellipse label="temp_dial" source="manual" occluded="0" cx="1807.15" cy="2177.12" rx="1131.50" ry="1268.90" z_order="0">
      <attribute name="temp_c">5</attribute>
    </ellipse>
    <points label="temp_tip" source="manual" occluded="0" points="1421.70,1374.60" z_order="0">
    </points>
    <points label="temp_center" source="manual" occluded="0" points="1642.60,2199.30" z_order="0">
    </points>
  </image>
  <image id="132" name="PXL_20260125_115328247.jpg" width="3472" height="4624">
    <points label="temp_tip" source="manual" occluded="0" points="1038.90,1291.20" z_order="0">
    </points>
    <points label="temp_center" source="manual" occluded="0" points="1269.60,2101.10" z_order="0">
    </points>
    <ellipse label="temp_dial" source="manual" occluded="0" cx="1250.01" cy="2069.05" rx="1129.02" ry="1131.50" z_order="0">
      <attribute name="temp_c">5</attribute>
    </ellipse>
  </image>
  <image id="133" name="PXL_20260125_115328820.jpg" width="3472" height="4624">
    <points label="temp_center" source="manual" occluded="0" points="1465.90,2110.90" z_order="0">
    </points>
    <ellipse label="temp_dial" source="manual" occluded="0" cx="1434.11" cy="2083.84" rx="913.05" ry="937.57" z_order="0">
      <attribute name="temp_c">5</attribute>
    </ellipse>
    <points label="temp_tip" source="manual" occluded="0" points="1269.60,1477.70" z_order="0">
    </points>
  </image>
  <image id="134" name="PXL_20260125_115329709.jpg" width="3472" height="4624">
    <points label="temp_center" source="manual" occluded="0" points="1505.20,2302.40" z_order="0">
    </points>
    <ellipse label="temp_dial" source="manual" occluded="0" cx="1453.80" cy="2351.38" rx="944.95" ry="910.57" z_order="0">
      <attribute name="temp_c">5</attribute>
    </ellipse>
    <points label="temp_tip" source="manual" occluded="0" points="1362.80,1693.70" z_order="0">
    </points>
  </image>
  <image id="135" name="PXL_20260125_115330301.jpg" width="3472" height="4624">
    <points label="temp_center" source="manual" occluded="0" points="1500.30,2454.50" z_order="0">
    </points>
    <ellipse label="temp_dial" source="manual" occluded="0" cx="1461.15" cy="2567.32" rx="1045.55" ry="969.47" z_order="0">
      <attribute name="temp_c">5</attribute>
    </ellipse>
    <points label="temp_tip" source="manual" occluded="0" points="1348.10,1870.40" z_order="0">
    </points>
  </image>
  <image id="136" name="PXL_20260125_115331993.jpg" width="3472" height="4624">
    <points label="temp_center" source="manual" occluded="0" points="1421.70,2076.60" z_order="0">
    </points>
    <ellipse label="temp_dial" source="manual" occluded="0" cx="1337.18" cy="1939.67" rx="1032.00" ry="803.76" rotation="339.00" z_order="0">
      <attribute name="temp_c">5</attribute>
    </ellipse>
    <points label="temp_tip" source="manual" occluded="0" points="1191.00,1433.50" z_order="0">
    </points>
  </image>
  <image id="137" name="PXL_20260125_115332945.jpg" width="3472" height="4624">
    <ellipse label="temp_dial" source="manual" occluded="0" cx="1270.63" cy="1757.02" rx="1118.42" ry="784.18" rotation="334.30" z_order="0">
      <attribute name="temp_c">5</attribute>
    </ellipse>
    <points label="temp_tip" source="manual" occluded="0" points="1102.70,1276.40" z_order="0">
    </points>
    <points label="temp_center" source="manual" occluded="0" points="1348.10,1924.40" z_order="0">
    </points>
  </image>
  <image id="138" name="PXL_20260125_115334057.jpg" width="3472" height="4624">
    <ellipse label="temp_dial" source="manual" occluded="0" cx="1784.40" cy="2130.13" rx="780.84" ry="995.79" rotation="336.50" z_order="0">
      <attribute name="temp_c">5</attribute>
    </ellipse>
    <points label="temp_center" source="manual" occluded="0" points="1711.40,2204.20" z_order="0">
    </points>
    <points label="temp_tip" source="manual" occluded="0" points="1505.20,1507.20" z_order="0">
    </points>
  </image>
  <image id="139" name="PXL_20260125_115334678.jpg" width="3472" height="4624">
    <points label="temp_tip" source="manual" occluded="0" points="1500.30,1340.30" z_order="0">
    </points>
    <ellipse label="temp_dial" source="manual" occluded="0" cx="1749.15" cy="1996.34" rx="824.70" ry="1015.53" rotation="348.30" z_order="0">
      <attribute name="temp_c">5</attribute>
    </ellipse>
    <points label="temp_center" source="manual" occluded="0" points="1632.80,2066.70" z_order="0">
    </points>
  </image>
  <image id="140" name="PXL_20260125_115335432.jpg" width="3472" height="4624">
    <points label="temp_center" source="manual" occluded="0" points="1549.40,2238.50" z_order="0">
    </points>
    <ellipse label="temp_dial" source="manual" occluded="0" cx="1619.47" cy="2136.85" rx="758.40" ry="962.04" rotation="347.00" z_order="0">
      <attribute name="temp_c">5</attribute>
    </ellipse>
    <points label="temp_tip" source="manual" occluded="0" points="1382.50,1467.90" z_order="0">
    </points>
  </image>
  <image id="141" name="PXL_20260125_115336256.jpg" width="3472" height="4624">
    <points label="temp_center" source="manual" occluded="0" points="1534.60,2164.90" z_order="0">
    </points>
    <ellipse label="temp_dial" source="manual" occluded="0" cx="1621.36" cy="2129.67" rx="753.62" ry="961.47" rotation="351.40" z_order="0">
      <attribute name="temp_c">5</attribute>
    </ellipse>
    <points label="temp_tip" source="manual" occluded="0" points="1372.70,1458.10" z_order="0">
    </points>
  </image>
  <image id="142" name="PXL_20260125_115343103.jpg" width="3472" height="4624">
    <points label="temp_center" source="manual" occluded="0" points="1819.30,2209.10" z_order="0">
    </points>
    <ellipse label="temp_dial" source="manual" occluded="0" cx="1819.45" cy="2152.52" rx="721.60" ry="706.87" z_order="0">
      <attribute name="temp_c">5</attribute>
    </ellipse>
    <points label="temp_tip" source="manual" occluded="0" points="1750.60,1659.30" z_order="0">
    </points>
  </image>
  <image id="143" name="PXL_20260125_115343746.jpg" width="3472" height="4624">
    <points label="temp_center" source="manual" occluded="0" points="1667.20,2032.40" z_order="0">
    </points>
    <ellipse label="temp_dial" source="manual" occluded="0" cx="1662.38" cy="2000.40" rx="778.08" ry="763.35" z_order="0">
      <attribute name="temp_c">5</attribute>
    </ellipse>
    <points label="temp_tip" source="manual" occluded="0" points="1569.00,1413.90" z_order="0">
    </points>
  </image>
  <image id="144" name="PXL_20260125_115344301.jpg" width="3472" height="4624">
    <points label="temp_center" source="manual" occluded="0" points="1662.30,2007.80" z_order="0">
    </points>
    <ellipse label="temp_dial" source="manual" occluded="0" cx="1630.48" cy="1988.13" rx="692.17" ry="684.78" z_order="0">
      <attribute name="temp_c">5</attribute>
    </ellipse>
    <points label="temp_tip" source="manual" occluded="0" points="1539.50,1487.50" z_order="0">
    </points>
  </image>
  <image id="145" name="PXL_20260125_115344951.jpg" width="3472" height="4624">
    <points label="temp_center" source="manual" occluded="0" points="1618.10,1948.90" z_order="0">
    </points>
    <ellipse label="temp_dial" source="manual" occluded="0" cx="1586.30" cy="1914.47" rx="709.35" ry="719.12" z_order="0">
      <attribute name="temp_c">5</attribute>
    </ellipse>
    <points label="temp_tip" source="manual" occluded="0" points="1500.30,1379.50" z_order="0">
    </points>
  </image>
  <image id="146" name="PXL_20260125_115345639.jpg" width="3472" height="4624">
    <points label="temp_center" source="manual" occluded="0" points="1672.10,2032.40" z_order="0">
    </points>
    <ellipse label="temp_dial" source="manual" occluded="0" cx="1640.27" cy="1988.11" rx="927.78" ry="922.84" z_order="0">
      <attribute name="temp_c">5</attribute>
    </ellipse>
    <points label="temp_tip" source="manual" occluded="0" points="1505.20,1355.00" z_order="0">
    </points>
  </image>
  <image id="147" name="PXL_20260125_115346411.jpg" width="3472" height="4624">
    <points label="temp_center" source="manual" occluded="0" points="1672.10,2346.50" z_order="0">
    </points>
    <ellipse label="temp_dial" source="manual" occluded="0" cx="1645.18" cy="2297.40" rx="1038.22" ry="1030.85" z_order="0">
      <attribute name="temp_c">5</attribute>
    </ellipse>
    <points label="temp_tip" source="manual" occluded="0" points="1461.00,1595.50" z_order="0">
    </points>
  </image>
  <image id="148" name="PXL_20260125_115349576.jpg" width="3472" height="4624">
    <points label="temp_center" source="manual" occluded="0" points="1534.60,2547.80" z_order="0">
    </points>
    <ellipse label="temp_dial" source="manual" occluded="0" cx="1510.15" cy="2498.62" rx="1227.25" ry="1214.87" z_order="0">
      <attribute name="temp_c">5</attribute>
    </ellipse>
    <points label="temp_tip" source="manual" occluded="0" points="1289.20,1693.70" z_order="0">
    </points>
  </image>
  <image id="149" name="PXL_20260125_115350771.jpg" width="3472" height="4624">
    <points label="temp_center" source="manual" occluded="0" points="1637.70,2302.40" z_order="0">
    </points>
    <points label="temp_tip" source="manual" occluded="0" points="1465.90,1688.80" z_order="0">
    </points>
    <ellipse label="temp_dial" source="manual" occluded="0" cx="1628.01" cy="2280.18" rx="893.41" ry="873.73" z_order="0">
      <attribute name="temp_c">5</attribute>
    </ellipse>
  </image>
</annotations>
