<?xml version="1.0" encoding="utf-8"?>
<annotations>
  <version>1.1</version>
  <meta>
    <job>
      <id>5</id>
      <size>50</size>
      <mode>annotation</mode>
      <overlap>0</overlap>
      <bugtracker></bugtracker>
      <created>2026-01-26 23:21:07.725791+00:00</created>
      <updated>2026-02-01 23:37:25.858169+00:00</updated>
      <subset>default</subset>
      <start_frame>200</start_frame>
      <stop_frame>249</stop_frame>
      <frame_filter></frame_filter>
      <segments>
        <segment>
          <id>5</id>
          <start>200</start>
          <stop>249</stop>
          <url>http://localhost:8080/api/jobs/5</url>
        </segment>
      </segments>
      <owner>
        <username>django</username>
        <email>latchmepersad@gmail.com</email>
      </owner>
      <assignee></assignee>
      <labels>
        <label>
          <name>temp_dial</name>
          <color>#7b0278</color>
          <type>ellipse</type>
          <attributes>
            <attribute>
              <name>temp_c</name>
              <mutable>True</mutable>
              <input_type>number</input_type>
              <default_value>30</default_value>
              <values>-30
50
0.5</values>
            </attribute>
          </attributes>
        </label>
        <label>
          <name>temp_center</name>
          <color>#39a687</color>
          <type>points</type>
          <attributes>
          </attributes>
        </label>
        <label>
          <name>temp_tip</name>
          <color>#397169</color>
          <type>points</type>
          <attributes>
          </attributes>
        </label>
      </labels>
    </job>
    <dumped>2026-02-02 23:44:42.512862+00:00</dumped>
  </meta>
  <image id="200" name="PXL_20260125_115615761.jpg" width="3472" height="4624">
    <ellipse label="temp_dial" source="manual" occluded="0" cx="1814.54" cy="2412.75" rx="714.22" ry="716.65" z_order="0">
      <attribute name="temp_c">15</attribute>
    </ellipse>
    <points label="temp_center" source="manual" occluded="0" points="1804.62,2449.62" z_order="0">
    </points>
    <points label="temp_tip" source="manual" occluded="0" points="2020.60,1929.30" z_order="0">
    </points>
  </image>
  <image id="201" name="PXL_20260125_115617076.jpg" width="3472" height="4624">
    <ellipse label="temp_dial" source="manual" occluded="0" cx="1846.43" cy="2523.21" rx="736.30" ry="731.37" z_order="0">
      <attribute name="temp_c">15</attribute>
    </ellipse>
    <points label="temp_center" source="manual" occluded="0" points="1819.30,2582.20" z_order="0">
    </points>
    <points label="temp_tip" source="manual" occluded="0" points="2020.60,2037.30" z_order="0">
    </points>
  </image>
  <image id="202" name="PXL_20260125_115618539.jpg" width="3472" height="4624">
    <points label="temp_center" source="manual" occluded="0" points="1853.70,2562.50" z_order="0">
    </points>
    <ellipse label="temp_dial" source="manual" occluded="0" cx="1856.27" cy="2555.11" rx="743.68" ry="716.65" z_order="0">
      <attribute name="temp_c">15</attribute>
    </ellipse>
    <points label="temp_tip" source="manual" occluded="0" points="2040.20,2106.00" z_order="0">
    </points>
  </image>
  <image id="203" name="PXL_20260125_115626909.jpg" width="3472" height="4624">
    <points label="temp_tip" source="manual" occluded="0" points="1927.30,1575.90" z_order="0">
    </points>
    <points label="temp_center" source="manual" occluded="0" points="1618.10,2356.40" z_order="0">
    </points>
    <ellipse label="temp_dial" source="manual" occluded="0" cx="1600.98" cy="2321.95" rx="1153.53" ry="1136.31" z_order="0">
      <attribute name="temp_c">15</attribute>
    </ellipse>
  </image>
  <image id="204" name="PXL_20260125_115629884.jpg" width="3472" height="4624">
    <points label="temp_tip" source="manual" occluded="0" points="1937.20,1786.90" z_order="0">
    </points>
    <points label="temp_center" source="manual" occluded="0" points="1647.50,2513.40" z_order="0">
    </points>
    <ellipse label="temp_dial" source="manual" occluded="0" cx="1635.36" cy="2508.38" rx="1052.93" ry="1055.35" z_order="0">
      <attribute name="temp_c">15</attribute>
    </ellipse>
  </image>
  <image id="205" name="PXL_20260125_115632590.jpg" width="3472" height="4624">
    <points label="temp_tip" source="manual" occluded="0" points="2050.10,1796.80" z_order="0">
    </points>
    <ellipse label="temp_dial" source="manual" occluded="0" cx="1880.89" cy="2587.56" rx="1003.90" ry="1132.00" rotation="1.10" z_order="0">
      <attribute name="temp_c">15</attribute>
    </ellipse>
    <points label="temp_center" source="manual" occluded="0" points="1740.80,2552.70" z_order="0">
    </points>
  </image>
  <image id="206" name="PXL_20260125_115635063.jpg" width="3472" height="4624">
    <ellipse label="temp_dial" source="manual" occluded="0" cx="1890.60" cy="2429.93" rx="674.95" ry="768.18" z_order="0">
      <attribute name="temp_c">15</attribute>
    </ellipse>
    <points label="temp_center" source="manual" occluded="0" points="1829.20,2425.10" z_order="0">
    </points>
    <points label="temp_tip" source="manual" occluded="0" points="2005.90,1904.80" z_order="0">
    </points>
  </image>
  <image id="207" name="PXL_20260125_115638675.jpg" width="3472" height="4624">
    <points label="temp_tip" source="manual" occluded="0" points="2094.20,1816.40" z_order="0">
    </points>
    <ellipse label="temp_dial" source="manual" occluded="0" cx="1976.53" cy="2366.16" rx="714.22" ry="785.34" z_order="0">
      <attribute name="temp_c">15</attribute>
    </ellipse>
    <points label="temp_center" source="manual" occluded="0" points="1893.00,2366.20" z_order="0">
    </points>
  </image>
  <image id="208" name="PXL_20260125_115647174.jpg" width="3472" height="4624">
    <ellipse label="temp_dial" source="manual" occluded="0" cx="1836.65" cy="2324.40" rx="807.50" ry="778.05" z_order="0">
      <attribute name="temp_c">15</attribute>
    </ellipse>
    <points label="temp_center" source="manual" occluded="0" points="1819.30,2341.60" z_order="0">
    </points>
    <points label="temp_tip" source="manual" occluded="0" points="1986.20,1777.10" z_order="0">
    </points>
  </image>
  <image id="209" name="PXL_20260125_115652848.jpg" width="3472" height="4624">
    <points label="temp_center" source="manual" occluded="0" points="1701.50,2822.70" z_order="0">
    </points>
    <ellipse label="temp_dial" source="manual" occluded="0" cx="1709.00" cy="2822.62" rx="1244.35" ry="1205.02" z_order="0">
      <attribute name="temp_c">15</attribute>
    </ellipse>
    <points label="temp_tip" source="manual" occluded="0" points="2010.80,1958.80" z_order="0">
    </points>
  </image>
  <image id="210" name="PXL_20260125_115659911.jpg" width="3472" height="4624">
    <ellipse label="temp_dial" source="manual" occluded="0" cx="1655.00" cy="2825.10" rx="1151.10" ry="1205.07" z_order="0">
      <attribute name="temp_c">15</attribute>
    </ellipse>
    <points label="temp_center" source="manual" occluded="0" points="1598.50,2837.40" z_order="0">
    </points>
    <points label="temp_tip" source="manual" occluded="0" points="1937.20,2022.60" z_order="0">
    </points>
  </image>
  <image id="211" name="PXL_20260125_115735138.jpg" width="3472" height="4624">
    <points label="temp_tip" source="manual" occluded="0" points="2118.80,2022.60" z_order="0">
    </points>
    <points label="temp_center" source="manual" occluded="0" points="1416.80,2449.60" z_order="0">
    </points>
    <ellipse label="temp_dial" source="manual" occluded="0" cx="1372.85" cy="2456.93" rx="1151.05" ry="1131.43" z_order="0">
      <attribute name="temp_c">26.5</attribute>
    </ellipse>
  </image>
  <image id="212" name="PXL_20260125_115735852.jpg" width="3472" height="4624">
    <points label="temp_tip" source="manual" occluded="0" points="2128.60,2145.30" z_order="0">
    </points>
    <ellipse label="temp_dial" source="manual" occluded="0" cx="1388.26" cy="2550.13" rx="1116.75" ry="1109.38" rotation="0.30" z_order="0">
      <attribute name="temp_c">26.5</attribute>
    </ellipse>
    <points label="temp_center" source="manual" occluded="0" points="1441.40,2562.50" z_order="0">
    </points>
  </image>
  <image id="213" name="PXL_20260125_115736457.jpg" width="3472" height="4624">
    <points label="temp_center" source="manual" occluded="0" points="1500.30,2488.90" z_order="0">
    </points>
    <ellipse label="temp_dial" source="manual" occluded="0" cx="1463.60" cy="2557.48" rx="1057.80" ry="1033.28" z_order="0">
      <attribute name="temp_c">26.5</attribute>
    </ellipse>
    <points label="temp_tip" source="manual" occluded="0" points="2113.90,2120.70" z_order="0">
    </points>
  </image>
  <image id="214" name="PXL_20260125_115737064.jpg" width="3472" height="4624">
    <ellipse label="temp_dial" source="manual" occluded="0" cx="1461.09" cy="2547.70" rx="1104.45" ry="984.20" z_order="0">
      <attribute name="temp_c">26.5</attribute>
    </ellipse>
    <points label="temp_center" source="manual" occluded="0" points="1485.60,2430.00" z_order="0">
    </points>
    <points label="temp_tip" source="manual" occluded="0" points="2138.40,2061.80" z_order="0">
    </points>
  </image>
  <image id="215" name="PXL_20260125_115737682.jpg" width="3472" height="4624">
    <points label="temp_tip" source="manual" occluded="0" points="2045.10,2155.10" z_order="0">
    </points>
    <ellipse label="temp_dial" source="manual" occluded="0" cx="1507.71" cy="2643.46" rx="998.92" ry="986.62" z_order="0">
      <attribute name="temp_c">26.5</attribute>
    </ellipse>
    <points label="temp_center" source="manual" occluded="0" points="1470.80,2562.50" z_order="0">
    </points>
  </image>
  <image id="216" name="PXL_20260125_115738263.jpg" width="3472" height="4624">
    <points label="temp_center" source="manual" occluded="0" points="1583.70,2592.00" z_order="0">
    </points>
    <ellipse label="temp_dial" source="manual" occluded="0" cx="1687.34" cy="2649.56" rx="930.20" ry="1074.39" rotation="9.40" z_order="0">
      <attribute name="temp_c">26.5</attribute>
    </ellipse>
    <points label="temp_tip" source="manual" occluded="0" points="2202.20,2086.40" z_order="0">
    </points>
  </image>
  <image id="217" name="PXL_20260125_115738811.jpg" width="3472" height="4624">
    <points label="temp_center" source="manual" occluded="0" points="1681.90,2650.90" z_order="0">
    </points>
    <ellipse label="temp_dial" source="manual" occluded="0" cx="1792.41" cy="2700.85" rx="863.93" ry="1061.29" rotation="2.50" z_order="0">
      <attribute name="temp_c">26.5</attribute>
    </ellipse>
    <points label="temp_tip" source="manual" occluded="0" points="2236.60,2184.60" z_order="0">
    </points>
  </image>
  <image id="218" name="PXL_20260125_115739440.jpg" width="3472" height="4624">
    <points label="temp_center" source="manual" occluded="0" points="1470.80,2837.40" z_order="0">
    </points>
    <ellipse label="temp_dial" source="manual" occluded="0" cx="1593.64" cy="2859.47" rx="775.59" ry="1057.78" z_order="0">
      <attribute name="temp_c">26.5</attribute>
    </ellipse>
    <points label="temp_tip" source="manual" occluded="0" points="2020.60,2341.60" z_order="0">
    </points>
  </image>
  <image id="219" name="PXL_20260125_115740064.jpg" width="3472" height="4624">
    <points label="temp_center" source="manual" occluded="0" points="1461.00,2901.20" z_order="0">
    </points>
    <ellipse label="temp_dial" source="manual" occluded="0" cx="1612.09" cy="2922.98" rx="765.78" ry="1032.70" rotation="355.10" z_order="0">
      <attribute name="temp_c">26.5</attribute>
    </ellipse>
    <points label="temp_tip" source="manual" occluded="0" points="1907.70,2376.00" z_order="0">
    </points>
  </image>
  <image id="220" name="PXL_20260125_115740763.jpg" width="3472" height="4624">
    <points label="temp_center" source="manual" occluded="0" points="1544.50,2793.20" z_order="0">
    </points>
    <ellipse label="temp_dial" source="manual" occluded="0" cx="1619.11" cy="2856.94" rx="895.08" ry="996.76" rotation="8.50" z_order="0">
      <attribute name="temp_c">26.5</attribute>
    </ellipse>
    <points label="temp_tip" source="manual" occluded="0" points="2138.40,2356.40" z_order="0">
    </points>
  </image>
  <image id="221" name="PXL_20260125_115741590.jpg" width="3472" height="4624">
    <points label="temp_center" source="manual" occluded="0" points="1647.50,2371.10" z_order="0">
    </points>
    <ellipse label="temp_dial" source="manual" occluded="0" cx="1630.49" cy="2292.51" rx="932.62" ry="888.44" z_order="0">
      <attribute name="temp_c">26.5</attribute>
    </ellipse>
    <points label="temp_tip" source="manual" occluded="0" points="2197.30,1948.90" z_order="0">
    </points>
  </image>
  <image id="222" name="PXL_20260125_115742126.jpg" width="3472" height="4624">
    <points label="temp_center" source="manual" occluded="0" points="1623.00,2606.70" z_order="0">
    </points>
    <ellipse label="temp_dial" source="manual" occluded="0" cx="1603.50" cy="2510.93" rx="964.60" ry="822.17" z_order="0">
      <attribute name="temp_c">26.5</attribute>
    </ellipse>
    <points label="temp_tip" source="manual" occluded="0" points="2212.00,2228.70" z_order="0">
    </points>
  </image>
  <image id="223" name="PXL_20260125_115742712.jpg" width="3472" height="4624">
    <points label="temp_tip" source="manual" occluded="0" points="1878.20,2331.80" z_order="0">
    </points>
    <ellipse label="temp_dial" source="manual" occluded="0" cx="1267.21" cy="2582.07" rx="967.03" ry="770.65" z_order="0">
      <attribute name="temp_c">26.5</attribute>
    </ellipse>
    <points label="temp_center" source="manual" occluded="0" points="1289.20,2685.20" z_order="0">
    </points>
  </image>
  <image id="224" name="PXL_20260125_115743603.jpg" width="3472" height="4624">
    <points label="temp_tip" source="manual" occluded="0" points="1947.00,2120.70" z_order="0">
    </points>
    <ellipse label="temp_dial" source="manual" occluded="0" cx="1350.68" cy="2358.78" rx="952.28" ry="748.53" z_order="0">
      <attribute name="temp_c">26.5</attribute>
    </ellipse>
    <points label="temp_center" source="manual" occluded="0" points="1387.40,2459.40" z_order="0">
    </points>
  </image>
  <image id="225" name="PXL_20260125_115748216.jpg" width="3472" height="4624">
    <ellipse label="temp_dial" source="manual" occluded="0" cx="906.45" cy="2866.80" rx="940.05" ry="993.98" z_order="0">
      <attribute name="temp_c">26.5</attribute>
    </ellipse>
    <points label="temp_center" source="manual" occluded="0" points="886.70,2862.00" z_order="0">
    </points>
    <points label="temp_tip" source="manual" occluded="0" points="1426.60,2479.10" z_order="0">
    </points>
  </image>
  <image id="226" name="PXL_20260125_115751745.jpg" width="3472" height="4624">
    <points label="temp_tip" source="manual" occluded="0" points="1510.10,2248.40" z_order="0">
    </points>
    <ellipse label="temp_dial" source="manual" occluded="0" cx="958.00" cy="2677.82" rx="944.90" ry="971.87" z_order="0">
      <attribute name="temp_c">26.5</attribute>
    </ellipse>
    <points label="temp_center" source="manual" occluded="0" points="901.40,2660.70" z_order="0">
    </points>
  </image>
  <image id="227" name="PXL_20260125_115757788.jpg" width="3472" height="4624">
    <points label="temp_center" source="manual" occluded="0" points="1529.70,2832.50" z_order="0">
    </points>
    <ellipse label="temp_dial" source="manual" occluded="0" cx="1520.02" cy="2822.65" rx="873.78" ry="859.00" z_order="0">
      <attribute name="temp_c">26.5</attribute>
    </ellipse>
    <points label="temp_tip" source="manual" occluded="0" points="2059.90,2484.00" z_order="0">
    </points>
  </image>
  <image id="228" name="PXL_20260125_115758313.jpg" width="3472" height="4624">
    <points label="temp_center" source="manual" occluded="0" points="1559.20,2744.10" z_order="0">
    </points>
    <ellipse label="temp_dial" source="manual" occluded="0" cx="1547.03" cy="2719.57" rx="846.78" ry="822.17" z_order="0">
      <attribute name="temp_c">26.5</attribute>
    </ellipse>
    <points label="temp_tip" source="manual" occluded="0" points="2089.30,2420.20" z_order="0">
    </points>
  </image>
  <image id="229" name="PXL_20260125_115759913.jpg" width="3472" height="4624">
    <points label="temp_center" source="manual" occluded="0" points="1750.60,3274.30" z_order="0">
    </points>
    <ellipse label="temp_dial" source="manual" occluded="0" cx="1755.68" cy="3286.50" rx="807.47" ry="792.75" z_order="0">
      <attribute name="temp_c">26.5</attribute>
    </ellipse>
    <points label="temp_tip" source="manual" occluded="0" points="2241.50,2965.00" z_order="0">
    </points>
  </image>
  <image id="230" name="PXL_20260125_115800564.jpg" width="3472" height="4624">
    <points label="temp_tip" source="manual" occluded="0" points="2064.80,2837.40" z_order="0">
    </points>
    <ellipse label="temp_dial" source="manual" occluded="0" cx="1625.58" cy="3151.55" rx="755.92" ry="751.00" z_order="0">
      <attribute name="temp_c">26.5</attribute>
    </ellipse>
    <points label="temp_center" source="manual" occluded="0" points="1613.20,3146.70" z_order="0">
    </points>
  </image>
  <image id="231" name="PXL_20260125_115801045.jpg" width="3472" height="4624">
    <points label="temp_tip" source="manual" occluded="0" points="2045.10,2665.60" z_order="0">
    </points>
    <ellipse label="temp_dial" source="manual" occluded="0" cx="1578.91" cy="2967.44" rx="773.12" ry="753.49" z_order="0">
      <attribute name="temp_c">26.5</attribute>
    </ellipse>
    <points label="temp_center" source="manual" occluded="0" points="1593.50,2960.10" z_order="0">
    </points>
  </image>
  <image id="232" name="PXL_20260125_115801313.jpg" width="3472" height="4624">
    <points label="temp_center" source="manual" occluded="0" points="1569.00,2660.70" z_order="0">
    </points>
    <ellipse label="temp_dial" source="manual" occluded="0" cx="1571.57" cy="2658.20" rx="819.78" ry="817.25" z_order="0">
      <attribute name="temp_c">26.5</attribute>
    </ellipse>
    <points label="temp_tip" source="manual" occluded="0" points="2059.90,2322.00" z_order="0">
    </points>
  </image>
  <image id="233" name="PXL_20260125_115801802.jpg" width="3472" height="4624">
    <ellipse label="temp_dial" source="manual" occluded="0" cx="1615.70" cy="2444.70" rx="844.30" ry="822.15" z_order="0">
      <attribute name="temp_c">26.5</attribute>
    </ellipse>
    <points label="temp_center" source="manual" occluded="0" points="1623.00,2488.90" z_order="0">
    </points>
    <points label="temp_tip" source="manual" occluded="0" points="2138.40,2140.40" z_order="0">
    </points>
  </image>
  <image id="234" name="PXL_20260125_115802215.jpg" width="3472" height="4624">
    <ellipse label="temp_dial" source="manual" occluded="0" cx="1701.65" cy="2066.67" rx="905.70" ry="895.82" z_order="0">
      <attribute name="temp_c">26.5</attribute>
    </ellipse>
    <points label="temp_center" source="manual" occluded="0" points="1711.40,2091.30" z_order="0">
    </points>
    <points label="temp_tip" source="manual" occluded="0" points="2275.90,1737.90" z_order="0">
    </points>
  </image>
  <image id="235" name="PXL_20260125_115803016.jpg" width="3472" height="4624">
    <ellipse label="temp_dial" source="manual" occluded="0" cx="1694.27" cy="2226.21" rx="817.35" ry="829.57" z_order="0">
      <attribute name="temp_c">26.5</attribute>
    </ellipse>
    <points label="temp_center" source="manual" occluded="0" points="1652.40,2253.30" z_order="0">
    </points>
    <points label="temp_tip" source="manual" occluded="0" points="2158.00,1914.60" z_order="0">
    </points>
  </image>
  <image id="236" name="PXL_20260125_115803605.jpg" width="3472" height="4624">
    <ellipse label="temp_dial" source="manual" occluded="0" cx="1669.74" cy="2255.60" rx="782.90" ry="836.90" z_order="0">
      <attribute name="temp_c">26.5</attribute>
    </ellipse>
    <points label="temp_center" source="manual" occluded="0" points="1618.10,2297.50" z_order="0">
    </points>
    <points label="temp_tip" source="manual" occluded="0" points="2128.60,1934.20" z_order="0">
    </points>
  </image>
  <image id="237" name="PXL_20260125_115804606.jpg" width="3472" height="4624">
    <points label="temp_center" source="manual" occluded="0" points="1677.00,2268.00" z_order="0">
    </points>
    <ellipse label="temp_dial" source="manual" occluded="0" cx="1711.48" cy="2253.20" rx="797.67" ry="819.75" z_order="0">
      <attribute name="temp_c">26.5</attribute>
    </ellipse>
    <points label="temp_tip" source="manual" occluded="0" points="2192.40,1919.50" z_order="0">
    </points>
  </image>
  <image id="238" name="PXL_20260125_115806305.jpg" width="3472" height="4624">
    <ellipse label="temp_dial" source="manual" occluded="0" cx="1641.69" cy="2358.81" rx="800.10" ry="849.13" rotation="356.50" z_order="0">
      <attribute name="temp_c">26.5</attribute>
    </ellipse>
    <points label="temp_center" source="manual" occluded="0" points="1593.50,2376.00" z_order="0">
    </points>
    <points label="temp_tip" source="manual" occluded="0" points="2094.20,2076.50" z_order="0">
    </points>
  </image>
  <image id="239" name="PXL_20260125_115807658.jpg" width="3472" height="4624">
    <ellipse label="temp_dial" source="manual" occluded="0" cx="1686.92" cy="2292.51" rx="787.85" ry="795.17" z_order="0">
      <attribute name="temp_c">26.5</attribute>
    </ellipse>
    <points label="temp_center" source="manual" occluded="0" points="1632.80,2326.90" z_order="0">
    </points>
    <points label="temp_tip" source="manual" occluded="0" points="2099.10,2022.60" z_order="0">
    </points>
  </image>
  <image id="240" name="PXL_20260125_115811049.jpg" width="3472" height="4624">
    <ellipse label="temp_dial" source="manual" occluded="0" cx="1613.27" cy="2906.05" rx="684.79" ry="665.12" z_order="0">
      <attribute name="temp_c">26.5</attribute>
    </ellipse>
    <points label="temp_center" source="manual" occluded="0" points="1613.20,2911.00" z_order="0">
    </points>
    <points label="temp_tip" source="manual" occluded="0" points="2005.90,2700.00" z_order="0">
    </points>
  </image>
  <image id="241" name="PXL_20260125_115822580.jpg" width="3472" height="4624">
    <ellipse label="temp_dial" source="manual" occluded="0" cx="1762.98" cy="2395.57" rx="1055.37" ry="1028.32" z_order="0">
      <attribute name="temp_c">26.5</attribute>
    </ellipse>
    <points label="temp_center" source="manual" occluded="0" points="1765.30,2434.90" z_order="0">
    </points>
    <points label="temp_tip" source="manual" occluded="0" points="2437.80,2066.70" z_order="0">
    </points>
  </image>
  <image id="242" name="PXL_20260125_115823372.jpg" width="3472" height="4624">
    <ellipse label="temp_dial" source="manual" occluded="0" cx="1630.47" cy="2270.42" rx="1003.85" ry="991.50" z_order="0">
      <attribute name="temp_c">26.5</attribute>
    </ellipse>
    <points label="temp_center" source="manual" occluded="0" points="1642.60,2326.90" z_order="0">
    </points>
    <points label="temp_tip" source="manual" occluded="0" points="2285.70,1948.90" z_order="0">
    </points>
  </image>
  <image id="243" name="PXL_20260125_115824436.jpg" width="3472" height="4624">
    <ellipse label="temp_dial" source="manual" occluded="0" cx="1583.88" cy="2587.00" rx="964.52" ry="937.55" z_order="0">
      <attribute name="temp_c">26.5</attribute>
    </ellipse>
    <points label="temp_center" source="manual" occluded="0" points="1569.00,2636.20" z_order="0">
    </points>
    <points label="temp_tip" source="manual" occluded="0" points="2172.80,2258.20" z_order="0">
    </points>
  </image>
  <image id="244" name="PXL_20260125_115825419.jpg" width="3472" height="4624">
    <ellipse label="temp_dial" source="manual" occluded="0" cx="1637.85" cy="2712.18" rx="849.20" ry="878.62" z_order="0">
      <attribute name="temp_c">26.5</attribute>
    </ellipse>
    <points label="temp_center" source="manual" occluded="0" points="1573.90,2724.50" z_order="0">
    </points>
    <points label="temp_tip" source="manual" occluded="0" points="2133.50,2390.70" z_order="0">
    </points>
  </image>
  <image id="245" name="PXL_20260125_115829399.jpg" width="3472" height="4624">
    <ellipse label="temp_dial" source="manual" occluded="0" cx="1517.59" cy="2223.77" rx="1303.28" ry="1276.23" z_order="0">
      <attribute name="temp_c">26.5</attribute>
    </ellipse>
    <points label="temp_center" source="manual" occluded="0" points="1564.10,2287.60" z_order="0">
    </points>
    <points label="temp_tip" source="manual" occluded="0" points="2354.40,1782.00" z_order="0">
    </points>
  </image>
  <image id="246" name="PXL_20260125_115835956.jpg" width="3472" height="4624">
    <ellipse label="temp_dial" source="manual" occluded="0" cx="1196.03" cy="2660.68" rx="1065.17" ry="1055.33" z_order="0">
      <attribute name="temp_c">26.5</attribute>
    </ellipse>
    <points label="temp_center" source="manual" occluded="0" points="1191.00,2641.10" z_order="0">
    </points>
    <points label="temp_tip" source="manual" occluded="0" points="1760.40,2169.80" z_order="0">
    </points>
  </image>
  <image id="247" name="PXL_20260125_115840403.jpg" width="3472" height="4624">
    <ellipse label="temp_dial" source="manual" occluded="0" cx="1488.12" cy="2746.55" rx="1097.07" ry="1165.77" z_order="0">
      <attribute name="temp_c">26.5</attribute>
    </ellipse>
    <points label="temp_center" source="manual" occluded="0" points="1392.30,2700.00" z_order="0">
    </points>
    <points label="temp_tip" source="manual" occluded="0" points="2064.80,2209.10" z_order="0">
    </points>
  </image>
  <image id="248" name="PXL_20260125_115943552.jpg" width="3472" height="4624">
    <ellipse label="temp_dial" source="manual" occluded="0" cx="1335.95" cy="2312.12" rx="1003.80" ry="974.37" z_order="0">
      <attribute name="temp_c">37.5</attribute>
    </ellipse>
    <points label="temp_center" source="manual" occluded="0" points="1357.90,2322.00" z_order="0">
    </points>
    <points label="temp_tip" source="manual" occluded="0" points="2059.90,2263.10" z_order="0">
    </points>
  </image>
  <image id="249" name="PXL_20260125_115944074.jpg" width="3472" height="4624">
    <ellipse label="temp_dial" source="manual" occluded="0" cx="1495.48" cy="2434.88" rx="1072.57" ry="1077.43" z_order="0">
      <attribute name="temp_c">37.5</attribute>
    </ellipse>
    <points label="temp_center" source="manual" occluded="0" points="1544.50,2444.70" z_order="0">
    </points>
    <points label="temp_tip" source="manual" occluded="0" points="2261.10,2400.50" z_order="0">
    </points>
  </image>
</annotations>
