<?xml version="1.0" encoding="utf-8"?>
<annotations>
  <version>1.1</version>
  <meta>
    <job>
      <id>6</id>
      <size>50</size>
      <mode>annotation</mode>
      <overlap>0</overlap>
      <bugtracker></bugtracker>
      <created>2026-01-26 23:21:07.725791+00:00</created>
      <updated>2026-02-02 23:42:57.883065+00:00</updated>
      <subset>default</subset>
      <start_frame>250</start_frame>
      <stop_frame>299</stop_frame>
      <frame_filter></frame_filter>
      <segments>
        <segment>
          <id>6</id>
          <start>250</start>
          <stop>299</stop>
          <url>http://localhost:8080/api/jobs/6</url>
        </segment>
      </segments>
      <owner>
        <username>django</username>
        <email>latchmepersad@gmail.com</email>
      </owner>
      <assignee></assignee>
      <labels>
        <label>
          <name>temp_dial</name>
          <color>#7b0278</color>
          <type>ellipse</type>
          <attributes>
            <attribute>
              <name>temp_c</name>
              <mutable>True</mutable>
              <input_type>number</input_type>
              <default_value>30</default_value>
              <values>-30
50
0.5</values>
            </attribute>
          </attributes>
        </label>
        <label>
          <name>temp_center</name>
          <color>#39a687</color>
          <type>points</type>
          <attributes>
          </attributes>
        </label>
        <label>
          <name>temp_tip</name>
          <color>#397169</color>
          <type>points</type>
          <attributes>
          </attributes>
        </label>
      </labels>
    </job>
    <dumped>2026-02-02 23:44:48.556291+00:00</dumped>
  </meta>
  <image id="250" name="PXL_20260125_115944522.jpg" width="3472" height="4624">
    <ellipse label="temp_dial" source="manual" occluded="0" cx="1576.42" cy="2479.00" rx="964.56" ry="962.12" z_order="0">
      <attribute name="temp_c">37.5</attribute>
    </ellipse>
    <points label="temp_tip" source="manual" occluded="0" points="2310.32,2420.27" z_order="0">
    </points>
    <points label="temp_center" source="manual" occluded="0" points="1632.92,2430.09" z_order="0">
    </points>
  </image>
  <image id="251" name="PXL_20260125_115944999.jpg" width="3472" height="4624">
    <points label="temp_center" source="manual" occluded="0" points="1416.90,2395.70" z_order="0">
    </points>
    <ellipse label="temp_dial" source="manual" occluded="0" cx="1372.72" cy="2496.19" rx="998.92" ry="937.57" z_order="0">
      <attribute name="temp_c">37.5</attribute>
    </ellipse>
    <points label="temp_tip" source="manual" occluded="0" points="2138.50,2376.10" z_order="0">
    </points>
  </image>
  <image id="252" name="PXL_20260125_115945531.jpg" width="3472" height="4624">
    <points label="temp_center" source="manual" occluded="0" points="1456.20,2454.70" z_order="0">
    </points>
    <ellipse label="temp_dial" source="manual" occluded="0" cx="1419.36" cy="2582.09" rx="996.44" ry="886.03" z_order="0">
      <attribute name="temp_c">37.5</attribute>
    </ellipse>
    <points label="temp_tip" source="manual" occluded="0" points="2163.10,2464.50" z_order="0">
    </points>
  </image>
  <image id="253" name="PXL_20260125_115946015.jpg" width="3472" height="4624">
    <points label="temp_center" source="manual" occluded="0" points="1475.80,2459.50" z_order="0">
    </points>
    <ellipse label="temp_dial" source="manual" occluded="0" cx="1438.94" cy="2572.32" rx="991.56" ry="868.83" z_order="0">
      <attribute name="temp_c">37.5</attribute>
    </ellipse>
    <points label="temp_tip" source="manual" occluded="0" points="2148.40,2439.90" z_order="0">
    </points>
  </image>
  <image id="254" name="PXL_20260125_115946532.jpg" width="3472" height="4624">
    <ellipse label="temp_dial" source="manual" occluded="0" cx="1344.49" cy="2467.43" rx="1044.76" ry="896.55" rotation="349.70" z_order="0">
      <attribute name="temp_c">37.5</attribute>
    </ellipse>
    <points label="temp_tip" source="manual" occluded="0" points="2109.10,2292.60" z_order="0">
    </points>
    <points label="temp_center" source="manual" occluded="0" points="1362.90,2336.80" z_order="0">
    </points>
  </image>
  <image id="255" name="PXL_20260125_115946935.jpg" width="3472" height="4624">
    <points label="temp_tip" source="manual" occluded="0" points="2256.30,2390.80" z_order="0">
    </points>
    <ellipse label="temp_dial" source="manual" occluded="0" cx="1572.62" cy="2534.11" rx="981.76" ry="1030.17" rotation="46.90" z_order="0">
      <attribute name="temp_c">37.5</attribute>
    </ellipse>
    <points label="temp_center" source="manual" occluded="0" points="1500.40,2435.00" z_order="0">
    </points>
  </image>
  <image id="256" name="PXL_20260125_115947232.jpg" width="3472" height="4624">
    <points label="temp_tip" source="manual" occluded="0" points="2182.70,2420.30" z_order="0">
    </points>
    <ellipse label="temp_dial" source="manual" occluded="0" cx="1556.78" cy="2520.75" rx="939.97" ry="971.93" z_order="0">
      <attribute name="temp_c">37.5</attribute>
    </ellipse>
    <points label="temp_center" source="manual" occluded="0" points="1466.00,2469.40" z_order="0">
    </points>
  </image>
  <image id="257" name="PXL_20260125_115947579.jpg" width="3472" height="4624">
    <points label="temp_tip" source="manual" occluded="0" points="2153.20,2454.60" z_order="0">
    </points>
    <ellipse label="temp_dial" source="manual" occluded="0" cx="1532.21" cy="2525.06" rx="866.38" ry="1007.35" rotation="14.40" z_order="0">
      <attribute name="temp_c">37.5</attribute>
    </ellipse>
    <points label="temp_center" source="manual" occluded="0" points="1431.70,2498.80" z_order="0">
    </points>
  </image>
  <image id="258" name="PXL_20260125_115948135.jpg" width="3472" height="4624">
    <points label="temp_tip" source="manual" occluded="0" points="2045.20,2479.20" z_order="0">
    </points>
    <points label="temp_center" source="manual" occluded="0" points="1446.40,2479.20" z_order="0">
    </points>
    <ellipse label="temp_dial" source="manual" occluded="0" cx="1559.20" cy="2491.27" rx="694.55" ry="1006.30" z_order="0">
      <attribute name="temp_c">37.5</attribute>
    </ellipse>
  </image>
  <image id="259" name="PXL_20260125_115948601.jpg" width="3472" height="4624">
    <points label="temp_center" source="manual" occluded="0" points="1554.40,2528.30" z_order="0">
    </points>
    <points label="temp_tip" source="manual" occluded="0" points="2256.30,2523.40" z_order="0">
    </points>
    <ellipse label="temp_dial" source="manual" occluded="0" cx="1637.77" cy="2545.28" rx="893.39" ry="994.03" z_order="0">
      <attribute name="temp_c">37.5</attribute>
    </ellipse>
  </image>
  <image id="260" name="PXL_20260125_115948836.jpg" width="3472" height="4624">
    <points label="temp_center" source="manual" occluded="0" points="1441.50,2577.40" z_order="0">
    </points>
    <points label="temp_tip" source="manual" occluded="0" points="2123.80,2528.30" z_order="0">
    </points>
    <ellipse label="temp_dial" source="manual" occluded="0" cx="1389.89" cy="2591.90" rx="964.56" ry="962.12" rotation="13.10" z_order="0">
      <attribute name="temp_c">37.5</attribute>
    </ellipse>
  </image>
  <image id="261" name="PXL_20260125_115949188.jpg" width="3472" height="4624">
    <points label="temp_center" source="manual" occluded="0" points="1348.20,2562.60" z_order="0">
    </points>
    <ellipse label="temp_dial" source="manual" occluded="0" cx="1247.54" cy="2601.72" rx="964.56" ry="962.12" rotation="345.30" z_order="0">
      <attribute name="temp_c">37.5</attribute>
    </ellipse>
    <points label="temp_tip" source="manual" occluded="0" points="1932.30,2503.70" z_order="0">
    </points>
  </image>
  <image id="262" name="PXL_20260125_115949522.jpg" width="3472" height="4624">
    <points label="temp_center" source="manual" occluded="0" points="1362.90,2552.80" z_order="0">
    </points>
    <points label="temp_tip" source="manual" occluded="0" points="1848.90,2503.70" z_order="0">
    </points>
    <ellipse label="temp_dial" source="manual" occluded="0" cx="1267.16" cy="2577.18" rx="807.48" ry="962.12" z_order="0">
      <attribute name="temp_c">37.5</attribute>
    </ellipse>
  </image>
  <image id="263" name="PXL_20260125_115949960.jpg" width="3472" height="4624">
    <points label="temp_center" source="manual" occluded="0" points="1421.80,2464.50" z_order="0">
    </points>
    <ellipse label="temp_dial" source="manual" occluded="0" cx="1299.10" cy="2498.64" rx="743.65" ry="962.12" z_order="0">
      <attribute name="temp_c">37.5</attribute>
    </ellipse>
    <points label="temp_tip" source="manual" occluded="0" points="1878.40,2400.60" z_order="0">
    </points>
  </image>
  <image id="264" name="PXL_20260125_115950638.jpg" width="3472" height="4624">
    <ellipse label="temp_dial" source="manual" occluded="0" cx="1386.77" cy="2764.03" rx="856.57" ry="685.14" rotation="326.70" z_order="0">
      <attribute name="temp_c">37.5</attribute>
    </ellipse>
    <points label="temp_center" source="manual" occluded="0" points="1446.40,2793.30" z_order="0">
    </points>
    <points label="temp_tip" source="manual" occluded="0" points="1952.00,2690.30" z_order="0">
    </points>
  </image>
  <image id="265" name="PXL_20260125_115950996.jpg" width="3472" height="4624">
    <points label="temp_center" source="manual" occluded="0" points="1618.20,2592.10" z_order="0">
    </points>
    <ellipse label="temp_dial" source="manual" occluded="0" cx="1559.69" cy="2524.50" rx="920.88" ry="658.60" rotation="340.70" z_order="0">
      <attribute name="temp_c">37.5</attribute>
    </ellipse>
    <points label="temp_tip" source="manual" occluded="0" points="2187.60,2454.60" z_order="0">
    </points>
  </image>
  <image id="266" name="PXL_20260125_115952623.jpg" width="3472" height="4624">
    <points label="temp_center" source="manual" occluded="0" points="1642.70,2518.40" z_order="0">
    </points>
    <points label="temp_tip" source="manual" occluded="0" points="2172.90,2498.80" z_order="0">
    </points>
    <ellipse label="temp_dial" source="manual" occluded="0" cx="1684.36" cy="2518.24" rx="709.30" ry="726.49" z_order="0">
      <attribute name="temp_c">37.5</attribute>
    </ellipse>
  </image>
  <image id="267" name="PXL_20260125_115953604.jpg" width="3472" height="4624">
    <points label="temp_center" source="manual" occluded="0" points="1564.20,2346.60" z_order="0">
    </points>
    <ellipse label="temp_dial" source="manual" occluded="0" cx="1598.50" cy="2353.85" rx="738.75" ry="763.30" z_order="0">
      <attribute name="temp_c">37.5</attribute>
    </ellipse>
    <points label="temp_tip" source="manual" occluded="0" points="2118.90,2322.10" z_order="0">
    </points>
  </image>
  <image id="268" name="PXL_20260125_115955039.jpg" width="3472" height="4624">
    <points label="temp_tip" source="manual" occluded="0" points="2079.60,2248.50" z_order="0">
    </points>
    <ellipse label="temp_dial" source="manual" occluded="0" cx="1610.78" cy="2265.48" rx="674.98" ry="674.93" z_order="0">
      <attribute name="temp_c">37.5</attribute>
    </ellipse>
    <points label="temp_center" source="manual" occluded="0" points="1593.60,2268.10" z_order="0">
    </points>
  </image>
  <image id="269" name="PXL_20260125_115957052.jpg" width="3472" height="4624">
    <ellipse label="temp_dial" source="manual" occluded="0" cx="1358.00" cy="2118.23" rx="677.40" ry="679.88" z_order="0">
      <attribute name="temp_c">37.5</attribute>
    </ellipse>
    <points label="temp_center" source="manual" occluded="0" points="1338.40,2115.90" z_order="0">
    </points>
    <points label="temp_tip" source="manual" occluded="0" points="1770.40,2071.80" z_order="0">
    </points>
  </image>
  <image id="270" name="PXL_20260125_115958760.jpg" width="3472" height="4624">
    <points label="temp_tip" source="manual" occluded="0" points="1868.50,2076.70" z_order="0">
    </points>
    <points label="temp_center" source="manual" occluded="0" points="1377.70,2111.00" z_order="0">
    </points>
    <ellipse label="temp_dial" source="manual" occluded="0" cx="1392.38" cy="2103.45" rx="672.48" ry="672.50" z_order="0">
      <attribute name="temp_c">37.5</attribute>
    </ellipse>
  </image>
  <image id="271" name="PXL_20260125_115959728.jpg" width="3472" height="4624">
    <points label="temp_tip" source="manual" occluded="0" points="1898.00,2057.00" z_order="0">
    </points>
    <points label="temp_center" source="manual" occluded="0" points="1412.00,2096.30" z_order="0">
    </points>
    <ellipse label="temp_dial" source="manual" occluded="0" cx="1419.32" cy="2061.78" rx="682.28" ry="687.23" z_order="0">
      <attribute name="temp_c">37.5</attribute>
    </ellipse>
  </image>
  <image id="272" name="PXL_20260125_120001250.jpg" width="3472" height="4624">
    <ellipse label="temp_dial" source="manual" occluded="0" cx="1387.40" cy="2093.62" rx="674.95" ry="684.77" z_order="0">
      <attribute name="temp_c">37.5</attribute>
    </ellipse>
    <points label="temp_tip" source="manual" occluded="0" points="1809.60,2066.80" z_order="0">
    </points>
    <points label="temp_center" source="manual" occluded="0" points="1362.90,2106.10" z_order="0">
    </points>
    <points label="temp_tip" source="manual" occluded="0" points="2310.32,2420.27" z_order="0">
    </points>
  </image>
  <image id="273" name="PXL_20260125_120020529.jpg" width="3472" height="4624">
    <points label="temp_tip" source="manual" occluded="0" points="2428.10,2209.20" z_order="0">
    </points>
    <points label="temp_center" source="manual" occluded="0" points="1755.60,2125.70" z_order="0">
    </points>
    <ellipse label="temp_dial" source="manual" occluded="0" cx="1721.22" cy="2076.49" rx="1006.28" ry="962.12" rotation="3.40" z_order="0">
      <attribute name="temp_c">37.5</attribute>
    </ellipse>
  </image>
  <image id="274" name="PXL_20260125_120021074.jpg" width="3472" height="4624">
    <points label="temp_tip" source="manual" occluded="0" points="2374.10,2557.70" z_order="0">
    </points>
    <points label="temp_center" source="manual" occluded="0" points="1677.10,2498.80" z_order="0">
    </points>
    <ellipse label="temp_dial" source="manual" occluded="0" cx="1708.98" cy="2449.55" rx="996.46" ry="962.12" z_order="0">
      <attribute name="temp_c">37.5</attribute>
    </ellipse>
  </image>
  <image id="275" name="PXL_20260125_120021544.jpg" width="3472" height="4624">
    <points label="temp_tip" source="manual" occluded="0" points="2300.50,2474.30" z_order="0">
    </points>
    <ellipse label="temp_dial" source="manual" occluded="0" cx="1630.43" cy="2410.28" rx="984.21" ry="962.12" z_order="0">
      <attribute name="temp_c">37.5</attribute>
    </ellipse>
    <points label="temp_center" source="manual" occluded="0" points="1613.30,2454.60" z_order="0">
    </points>
  </image>
  <image id="276" name="PXL_20260125_120022037.jpg" width="3472" height="4624">
    <points label="temp_center" source="manual" occluded="0" points="1632.90,2297.60" z_order="0">
    </points>
    <points label="temp_tip" source="manual" occluded="0" points="2300.50,2341.70" z_order="0">
    </points>
    <ellipse label="temp_dial" source="manual" occluded="0" cx="1610.78" cy="2312.10" rx="964.56" ry="949.85" z_order="0">
      <attribute name="temp_c">37.5</attribute>
    </ellipse>
  </image>
  <image id="277" name="PXL_20260125_120022309.jpg" width="3472" height="4624">
    <ellipse label="temp_dial" source="manual" occluded="0" cx="1571.51" cy="2297.40" rx="964.56" ry="940.05" z_order="0">
      <attribute name="temp_c">37.5</attribute>
    </ellipse>
    <points label="temp_center" source="manual" occluded="0" points="1588.70,2243.60" z_order="0">
    </points>
    <points label="temp_tip" source="manual" occluded="0" points="2285.80,2302.50" z_order="0">
    </points>
  </image>
  <image id="278" name="PXL_20260125_120022901.jpg" width="3472" height="4624">
    <points label="temp_tip" source="manual" occluded="0" points="2123.80,2322.10" z_order="0">
    </points>
    <points label="temp_center" source="manual" occluded="0" points="1416.90,2263.20" z_order="0">
    </points>
    <ellipse label="temp_dial" source="manual" occluded="0" cx="1402.16" cy="2344.03" rx="937.56" ry="863.93" z_order="0">
      <attribute name="temp_c">37.5</attribute>
    </ellipse>
  </image>
  <image id="279" name="PXL_20260125_120023531.jpg" width="3472" height="4624">
    <ellipse label="temp_dial" source="manual" occluded="0" cx="1491.71" cy="2369.90" rx="943.72" ry="883.99" rotation="315.20" z_order="0">
      <attribute name="temp_c">37.5</attribute>
    </ellipse>
    <points label="temp_center" source="manual" occluded="0" points="1416.90,2312.30" z_order="0">
    </points>
    <points label="temp_tip" source="manual" occluded="0" points="2118.90,2263.20" z_order="0">
    </points>
  </image>
  <image id="280" name="PXL_20260125_120024047.jpg" width="3472" height="4624">
    <points label="temp_tip" source="manual" occluded="0" points="2050.20,2263.20" z_order="0">
    </points>
    <points label="temp_center" source="manual" occluded="0" points="1392.40,2327.00" z_order="0">
    </points>
    <ellipse label="temp_dial" source="manual" occluded="0" cx="1484.48" cy="2384.89" rx="900.81" ry="832.78" rotation="299.10" z_order="0">
      <attribute name="temp_c">37.5</attribute>
    </ellipse>
  </image>
  <image id="281" name="PXL_20260125_120024549.jpg" width="3472" height="4624">
    <points label="temp_tip" source="manual" occluded="0" points="2094.30,2292.60" z_order="0">
    </points>
    <points label="temp_center" source="manual" occluded="0" points="1559.30,2385.90" z_order="0">
    </points>
    <ellipse label="temp_dial" source="manual" occluded="0" cx="1660.12" cy="2388.07" rx="630.09" ry="849.69" rotation="16.10" z_order="0">
      <attribute name="temp_c">37.5</attribute>
    </ellipse>
  </image>
  <image id="282" name="PXL_20260125_120025564.jpg" width="3472" height="4624">
    <ellipse label="temp_dial" source="manual" occluded="0" cx="1609.89" cy="2478.98" rx="689.99" ry="892.70" rotation="8.90" z_order="0">
      <attribute name="temp_c">37.5</attribute>
    </ellipse>
    <points label="temp_tip" source="manual" occluded="0" points="2163.10,2518.40" z_order="0">
    </points>
    <points label="temp_center" source="manual" occluded="0" points="1696.70,2493.90" z_order="0">
    </points>
  </image>
  <image id="283" name="PXL_20260125_120026205.jpg" width="3472" height="4624">
    <ellipse label="temp_dial" source="manual" occluded="0" cx="1560.38" cy="2460.78" rx="621.03" ry="942.61" rotation="16.90" z_order="0">
      <attribute name="temp_c">37.5</attribute>
    </ellipse>
    <points label="temp_center" source="manual" occluded="0" points="1662.40,2464.50" z_order="0">
    </points>
    <points label="temp_tip" source="manual" occluded="0" points="2064.90,2469.40" z_order="0">
    </points>
  </image>
  <image id="284" name="PXL_20260125_120026856.jpg" width="3472" height="4624">
    <points label="temp_tip" source="manual" occluded="0" points="1755.60,2562.60" z_order="0">
    </points>
    <points label="temp_center" source="manual" occluded="0" points="1431.70,2636.30" z_order="0">
    </points>
    <ellipse label="temp_dial" source="manual" occluded="0" cx="1344.20" cy="2628.12" rx="543.55" ry="909.29" rotation="20.40" z_order="0">
      <attribute name="temp_c">37.5</attribute>
    </ellipse>
  </image>
  <image id="285" name="PXL_20260125_120027821.jpg" width="3472" height="4624">
    <points label="temp_tip" source="manual" occluded="0" points="2246.50,2493.90" z_order="0">
    </points>
    <points label="temp_center" source="manual" occluded="0" points="1652.60,2395.70" z_order="0">
    </points>
    <ellipse label="temp_dial" source="manual" occluded="0" cx="1613.22" cy="2456.90" rx="876.18" ry="873.75" z_order="0">
      <attribute name="temp_c">37.5</attribute>
    </ellipse>
  </image>
  <image id="286" name="PXL_20260125_120028768.jpg" width="3472" height="4624">
    <points label="temp_tip" source="manual" occluded="0" points="2074.70,2616.60" z_order="0">
    </points>
    <points label="temp_center" source="manual" occluded="0" points="1520.00,2543.00" z_order="0">
    </points>
    <ellipse label="temp_dial" source="manual" occluded="0" cx="1527.34" cy="2609.05" rx="809.92" ry="724.05" z_order="0">
      <attribute name="temp_c">37.5</attribute>
    </ellipse>
  </image>
  <image id="287" name="PXL_20260125_120030971.jpg" width="3472" height="4624">
    <ellipse label="temp_dial" source="manual" occluded="0" cx="1618.13" cy="1926.80" rx="687.23" ry="684.75" z_order="0">
      <attribute name="temp_c">37.5</attribute>
    </ellipse>
    <points label="temp_tip" source="manual" occluded="0" points="2104.20,1953.90" z_order="0">
    </points>
    <points label="temp_center" source="manual" occluded="0" points="1623.10,1929.40" z_order="0">
    </points>
  </image>
  <image id="288" name="PXL_20260125_120034080.jpg" width="3472" height="4624">
    <points label="temp_tip" source="manual" occluded="0" points="1883.30,3161.50" z_order="0">
    </points>
    <points label="temp_center" source="manual" occluded="0" points="1524.90,3151.70" z_order="0">
    </points>
    <ellipse label="temp_dial" source="manual" occluded="0" cx="1566.58" cy="3171.13" rx="645.47" ry="620.95" rotation="5.70" z_order="0">
      <attribute name="temp_c">37.5</attribute>
    </ellipse>
  </image>
  <image id="289" name="PXL_20260125_120037559.jpg" width="3472" height="4624">
    <ellipse label="temp_dial" source="manual" occluded="0" cx="1765.49" cy="2891.36" rx="655.30" ry="655.30" z_order="0">
      <attribute name="temp_c">37.5</attribute>
    </ellipse>
    <points label="temp_center" source="manual" occluded="0" points="1770.40,2871.90" z_order="0">
    </points>
    <points label="temp_tip" source="manual" occluded="0" points="2261.20,2896.40" z_order="0">
    </points>
  </image>
  <image id="290" name="PXL_20260125_120040116.jpg" width="3472" height="4624">
    <ellipse label="temp_dial" source="manual" occluded="0" cx="1664.80" cy="2631.17" rx="603.75" ry="613.62" z_order="0">
      <attribute name="temp_c">37.5</attribute>
    </ellipse>
    <points label="temp_center" source="manual" occluded="0" points="1657.50,2611.70" z_order="0">
    </points>
    <points label="temp_tip" source="manual" occluded="0" points="2084.50,2616.60" z_order="0">
    </points>
  </image>
  <image id="291" name="PXL_20260125_120041517.jpg" width="3472" height="4624">
    <ellipse label="temp_dial" source="manual" occluded="0" cx="1632.87" cy="2643.46" rx="608.67" ry="608.70" z_order="0">
      <attribute name="temp_c">37.5</attribute>
    </ellipse>
    <points label="temp_tip" source="manual" occluded="0" points="2055.10,2616.60" z_order="0">
    </points>
    <points label="temp_center" source="manual" occluded="0" points="1632.90,2611.70" z_order="0">
    </points>
  </image>
  <image id="292" name="PXL_20260125_120042299.jpg" width="3472" height="4624">
    <points label="temp_tip" source="manual" occluded="0" points="2118.90,2523.40" z_order="0">
    </points>
    <points label="temp_center" source="manual" occluded="0" points="1686.90,2547.90" z_order="0">
    </points>
    <ellipse label="temp_dial" source="manual" occluded="0" cx="1691.81" cy="2577.19" rx="591.52" ry="562.07" z_order="0">
      <attribute name="temp_c">37.5</attribute>
    </ellipse>
  </image>
  <image id="293" name="PXL_20260125_120043546.jpg" width="3472" height="4624">
    <points label="temp_tip" source="manual" occluded="0" points="1721.30,2381.00" z_order="0">
    </points>
    <points label="temp_center" source="manual" occluded="0" points="1367.80,2484.10" z_order="0">
    </points>
    <ellipse label="temp_dial" source="manual" occluded="0" cx="1399.53" cy="2486.32" rx="446.68" ry="632.97" rotation="8.40" z_order="0">
      <attribute name="temp_c">37.5</attribute>
    </ellipse>
  </image>
  <image id="294" name="PXL_20260125_120045775.jpg" width="3472" height="4624">
    <ellipse label="temp_dial" source="manual" occluded="0" cx="1689.34" cy="2599.27" rx="601.31" ry="535.03" z_order="0">
      <attribute name="temp_c">37.5</attribute>
    </ellipse>
    <points label="temp_center" source="manual" occluded="0" points="1686.90,2626.40" z_order="0">
    </points>
    <points label="temp_tip" source="manual" occluded="0" points="2094.30,2616.60" z_order="0">
    </points>
  </image>
  <image id="295" name="PXL_20260125_120050121.jpg" width="3472" height="4624">
    <points label="temp_tip" source="manual" occluded="0" points="1971.60,3289.10" z_order="0">
    </points>
    <points label="temp_center" source="manual" occluded="0" points="1544.60,3274.40" z_order="0">
    </points>
    <ellipse label="temp_dial" source="manual" occluded="0" cx="1561.67" cy="3281.60" rx="623.43" ry="625.85" z_order="0">
      <attribute name="temp_c">37.5</attribute>
    </ellipse>
  </image>
  <image id="296" name="PXL_20260125_120052049.jpg" width="3472" height="4624">
    <points label="temp_tip" source="manual" occluded="0" points="1893.10,3063.30" z_order="0">
    </points>
    <points label="temp_center" source="manual" occluded="0" points="1495.50,3092.80" z_order="0">
    </points>
    <ellipse label="temp_dial" source="manual" occluded="0" cx="1507.73" cy="3097.52" rx="611.12" ry="598.87" z_order="0">
      <attribute name="temp_c">37.5</attribute>
    </ellipse>
  </image>
  <image id="297" name="PXL_20260125_120059198.jpg" width="3472" height="4624">
    <points label="temp_tip" source="manual" occluded="0" points="2359.40,2493.90" z_order="0">
    </points>
    <points label="temp_center" source="manual" occluded="0" points="1549.50,2484.10" z_order="0">
    </points>
    <ellipse label="temp_dial" source="manual" occluded="0" cx="1537.15" cy="2533.02" rx="1141.25" ry="1119.18" z_order="0">
      <attribute name="temp_c">37.5</attribute>
    </ellipse>
  </image>
  <image id="298" name="PXL_20260125_120101988.jpg" width="3472" height="4624">
    <points label="temp_tip" source="manual" occluded="0" points="2344.70,2651.00" z_order="0">
    </points>
    <points label="temp_center" source="manual" occluded="0" points="1549.40,2577.40" z_order="0">
    </points>
    <ellipse label="temp_dial" source="manual" occluded="0" cx="1542.84" cy="2758.78" rx="1128.63" ry="826.37" rotation="351.90" z_order="0">
      <attribute name="temp_c">37.5</attribute>
    </ellipse>
  </image>
  <image id="299" name="PXL_20260125_120105434.jpg" width="3472" height="4624">
    <points label="temp_tip" source="manual" occluded="0" points="1873.40,2719.70" z_order="0">
    </points>
    <ellipse label="temp_dial" source="manual" occluded="0" cx="1402.18" cy="2766.16" rx="755.95" ry="1121.62" z_order="0">
      <attribute name="temp_c">37.5</attribute>
    </ellipse>
    <points label="temp_center" source="manual" occluded="0" points="1230.40,2744.20" z_order="0">
    </points>
    <points label="temp_tip" source="manual" occluded="0" points="2310.32,2420.27" z_order="0">
    </points>
  </image>
</annotations>
