<?xml version="1.0" encoding="utf-8"?>
<annotations>
  <version>1.1</version>
  <meta>
    <job>
      <id>4</id>
      <size>50</size>
      <mode>annotation</mode>
      <overlap>0</overlap>
      <bugtracker></bugtracker>
      <created>2026-01-26 23:21:07.725791+00:00</created>
      <updated>2026-01-29 23:16:34.053778+00:00</updated>
      <subset>default</subset>
      <start_frame>150</start_frame>
      <stop_frame>199</stop_frame>
      <frame_filter></frame_filter>
      <segments>
        <segment>
          <id>4</id>
          <start>150</start>
          <stop>199</stop>
          <url>http://localhost:8080/api/jobs/4</url>
        </segment>
      </segments>
      <owner>
        <username>django</username>
        <email>latchmepersad@gmail.com</email>
      </owner>
      <assignee></assignee>
      <labels>
        <label>
          <name>temp_dial</name>
          <color>#7b0278</color>
          <type>ellipse</type>
          <attributes>
            <attribute>
              <name>temp_c</name>
              <mutable>True</mutable>
              <input_type>number</input_type>
              <default_value>30</default_value>
              <values>-30
50
0.5</values>
            </attribute>
          </attributes>
        </label>
        <label>
          <name>temp_center</name>
          <color>#39a687</color>
          <type>points</type>
          <attributes>
          </attributes>
        </label>
        <label>
          <name>temp_tip</name>
          <color>#397169</color>
          <type>points</type>
          <attributes>
          </attributes>
        </label>
      </labels>
    </job>
    <dumped>2026-02-02 23:44:37.070418+00:00</dumped>
  </meta>
  <image id="150" name="PXL_20260125_115354208.jpg" width="3472" height="4624">
    <ellipse label="temp_dial" source="manual" occluded="0" cx="2091.87" cy="2373.45" rx="886.01" ry="886.05" z_order="0">
      <attribute name="temp_c">5</attribute>
    </ellipse>
    <points label="temp_center" source="manual" occluded="0" points="2079.51,2385.81" z_order="0">
    </points>
    <points label="temp_tip" source="manual" occluded="0" points="1922.43,1703.50" z_order="0">
    </points>
  </image>
  <image id="151" name="PXL_20260125_115354940.jpg" width="3472" height="4624">
    <ellipse label="temp_dial" source="manual" occluded="0" cx="1880.78" cy="2302.28" rx="844.27" ry="849.23" z_order="0">
      <attribute name="temp_c">5</attribute>
    </ellipse>
    <points label="temp_center" source="manual" occluded="0" points="1902.80,2322.00" z_order="0">
    </points>
    <points label="temp_tip" source="manual" occluded="0" points="1760.40,1683.90" z_order="0">
    </points>
  </image>
  <image id="152" name="PXL_20260125_115355557.jpg" width="3472" height="4624">
    <ellipse label="temp_dial" source="manual" occluded="0" cx="1743.37" cy="2240.90" rx="755.93" ry="758.40" z_order="0">
      <attribute name="temp_c">5</attribute>
    </ellipse>
    <points label="temp_center" source="manual" occluded="0" points="1775.20,2258.20" z_order="0">
    </points>
    <points label="temp_tip" source="manual" occluded="0" points="1667.20,1629.90" z_order="0">
    </points>
  </image>
  <image id="153" name="PXL_20260125_115356240.jpg" width="3472" height="4624">
    <ellipse label="temp_dial" source="manual" occluded="0" cx="1890.65" cy="2037.17" rx="741.20" ry="736.32" z_order="0">
      <attribute name="temp_c">5</attribute>
    </ellipse>
    <points label="temp_center" source="manual" occluded="0" points="1907.70,2071.60" z_order="0">
    </points>
    <points label="temp_tip" source="manual" occluded="0" points="1834.10,1526.80" z_order="0">
    </points>
  </image>
  <image id="154" name="PXL_20260125_115357253.jpg" width="3472" height="4624">
    <ellipse label="temp_dial" source="manual" occluded="0" cx="1792.42" cy="2022.45" rx="738.72" ry="741.25" z_order="0">
      <attribute name="temp_c">5</attribute>
    </ellipse>
    <points label="temp_center" source="manual" occluded="0" points="1799.70,2037.30" z_order="0">
    </points>
    <points label="temp_tip" source="manual" occluded="0" points="1721.20,1463.00" z_order="0">
    </points>
  </image>
  <image id="155" name="PXL_20260125_115357834.jpg" width="3472" height="4624">
    <ellipse label="temp_dial" source="manual" occluded="0" cx="1789.98" cy="1980.77" rx="780.48" ry="768.22" z_order="0">
      <attribute name="temp_c">5</attribute>
    </ellipse>
    <points label="temp_center" source="manual" occluded="0" points="1814.40,2017.60" z_order="0">
    </points>
    <points label="temp_tip" source="manual" occluded="0" points="1740.80,1394.20" z_order="0">
    </points>
  </image>
  <image id="156" name="PXL_20260125_115404470.jpg" width="3472" height="4624">
    <ellipse label="temp_dial" source="manual" occluded="0" cx="1777.65" cy="2513.30" rx="1340.10" ry="1342.60" z_order="0">
      <attribute name="temp_c">5</attribute>
    </ellipse>
    <points label="temp_center" source="manual" occluded="0" points="1780.10,2503.60" z_order="0">
    </points>
    <points label="temp_tip" source="manual" occluded="0" points="1583.70,1551.30" z_order="0">
    </points>
  </image>
  <image id="157" name="PXL_20260125_115406833.jpg" width="3472" height="4624">
    <ellipse label="temp_dial" source="manual" occluded="0" cx="1861.15" cy="2488.78" rx="1227.20" ry="1246.88" z_order="0">
      <attribute name="temp_c">5</attribute>
    </ellipse>
    <points label="temp_center" source="manual" occluded="0" points="1883.20,2513.40" z_order="0">
    </points>
    <points label="temp_tip" source="manual" occluded="0" points="1667.20,1605.30" z_order="0">
    </points>
  </image>
  <image id="158" name="PXL_20260125_115408380.jpg" width="3472" height="4624">
    <ellipse label="temp_dial" source="manual" occluded="0" cx="1613.16" cy="2622.76" rx="766.48" ry="830.24" rotation="12.10" z_order="0">
      <attribute name="temp_c">5</attribute>
    </ellipse>
    <points label="temp_center" source="manual" occluded="0" points="1677.00,2616.50" z_order="0">
    </points>
    <points label="temp_tip" source="manual" occluded="0" points="1559.20,2047.10" z_order="0">
    </points>
  </image>
  <image id="159" name="PXL_20260125_115410910.jpg" width="3472" height="4624">
    <ellipse label="temp_dial" source="manual" occluded="0" cx="1473.37" cy="2520.70" rx="773.12" ry="915.52" rotation="17.50" z_order="0">
      <attribute name="temp_c">5</attribute>
    </ellipse>
    <points label="temp_center" source="manual" occluded="0" points="1578.80,2542.90" z_order="0">
    </points>
    <points label="temp_tip" source="manual" occluded="0" points="1470.80,1899.80" z_order="0">
    </points>
  </image>
  <image id="160" name="PXL_20260125_115413920.jpg" width="3472" height="4624">
    <ellipse label="temp_dial" source="manual" occluded="0" cx="1674.60" cy="2520.75" rx="900.78" ry="770.70" z_order="0">
      <attribute name="temp_c">5</attribute>
    </ellipse>
    <points label="temp_center" source="manual" occluded="0" points="1677.00,2430.00" z_order="0">
    </points>
    <points label="temp_tip" source="manual" occluded="0" points="1544.50,1968.60" z_order="0">
    </points>
  </image>
  <image id="161" name="PXL_20260125_115417966.jpg" width="3472" height="4624">
    <ellipse label="temp_dial" source="manual" occluded="0" cx="1662.35" cy="2761.27" rx="1131.40" ry="539.98" z_order="0">
      <attribute name="temp_c">5</attribute>
    </ellipse>
    <points label="temp_center" source="manual" occluded="0" points="1681.90,2857.00" z_order="0">
    </points>
    <points label="temp_tip" source="manual" occluded="0" points="1564.10,2371.10" z_order="0">
    </points>
  </image>
  <image id="162" name="PXL_20260125_115421648.jpg" width="3472" height="4624">
    <ellipse label="temp_dial" source="manual" occluded="0" cx="1647.18" cy="2564.58" rx="505.29" ry="1022.01" rotation="7.60" z_order="0">
      <attribute name="temp_c">5</attribute>
    </ellipse>
    <points label="temp_center" source="manual" occluded="0" points="1569.00,2518.30" z_order="0">
    </points>
    <points label="temp_tip" source="manual" occluded="0" points="1613.20,1782.00" z_order="0">
    </points>
  </image>
  <image id="163" name="PXL_20260125_115429504.jpg" width="3472" height="4624">
    <ellipse label="temp_dial" source="manual" occluded="0" cx="1296.67" cy="2751.40" rx="1227.17" ry="1205.10" z_order="0">
      <attribute name="temp_c">5</attribute>
    </ellipse>
    <points label="temp_center" source="manual" occluded="0" points="1338.30,2704.90" z_order="0">
    </points>
    <points label="temp_tip" source="manual" occluded="0" points="1141.90,1831.10" z_order="0">
    </points>
  </image>
  <image id="164" name="PXL_20260125_115433668.jpg" width="3472" height="4624">
    <ellipse label="temp_dial" source="manual" occluded="0" cx="1483.18" cy="2763.60" rx="1136.38" ry="1143.80" z_order="0">
      <attribute name="temp_c">5</attribute>
    </ellipse>
    <points label="temp_center" source="manual" occluded="0" points="1519.90,2749.10" z_order="0">
    </points>
    <points label="temp_tip" source="manual" occluded="0" points="1303.90,1948.90" z_order="0">
    </points>
  </image>
  <image id="165" name="PXL_20260125_115535839.jpg" width="3472" height="4624">
    <ellipse label="temp_dial" source="manual" occluded="0" cx="1505.28" cy="2186.95" rx="1178.07" ry="1153.55" z_order="0">
      <attribute name="temp_c">15</attribute>
    </ellipse>
    <points label="temp_center" source="manual" occluded="0" points="1544.50,2238.50" z_order="0">
    </points>
    <points label="temp_tip" source="manual" occluded="0" points="1814.40,1428.60" z_order="0">
    </points>
  </image>
  <image id="166" name="PXL_20260125_115536463.jpg" width="3472" height="4624">
    <ellipse label="temp_dial" source="manual" occluded="0" cx="1600.95" cy="2177.10" rx="1082.40" ry="1065.25" z_order="0">
      <attribute name="temp_c">15</attribute>
    </ellipse>
    <points label="temp_center" source="manual" occluded="0" points="1657.40,2209.10" z_order="0">
    </points>
    <points label="temp_tip" source="manual" occluded="0" points="1907.70,1458.10" z_order="0">
    </points>
  </image>
  <image id="167" name="PXL_20260125_115537100.jpg" width="3472" height="4624">
    <ellipse label="temp_dial" source="manual" occluded="0" cx="1588.71" cy="2456.84" rx="1119.17" ry="1111.88" z_order="0">
      <attribute name="temp_c">15</attribute>
    </ellipse>
    <points label="temp_center" source="manual" occluded="0" points="1618.10,2415.30" z_order="0">
    </points>
    <points label="temp_tip" source="manual" occluded="0" points="1878.30,1713.30" z_order="0">
    </points>
  </image>
  <image id="168" name="PXL_20260125_115537581.jpg" width="3472" height="4624">
    <ellipse label="temp_dial" source="manual" occluded="0" cx="1686.89" cy="2491.26" rx="1133.93" ry="1092.23" z_order="0">
      <attribute name="temp_c">15</attribute>
    </ellipse>
    <points label="temp_center" source="manual" occluded="0" points="1721.20,2400.50" z_order="0">
    </points>
    <points label="temp_tip" source="manual" occluded="0" points="1981.30,1786.90" z_order="0">
    </points>
  </image>
  <image id="169" name="PXL_20260125_115538083.jpg" width="3472" height="4624">
    <ellipse label="temp_dial" source="manual" occluded="0" cx="1618.20" cy="2552.62" rx="1146.15" ry="986.67" z_order="0">
      <attribute name="temp_c">5</attribute>
    </ellipse>
    <points label="temp_center" source="manual" occluded="0" points="1652.50,2405.40" z_order="0">
    </points>
    <points label="temp_tip" source="manual" occluded="0" points="1888.10,1836.00" z_order="0">
    </points>
  </image>
  <image id="170" name="PXL_20260125_115538761.jpg" width="3472" height="4624">
    <ellipse label="temp_dial" source="manual" occluded="0" cx="1644.04" cy="2577.16" rx="947.37" ry="1075.65" rotation="23.50" z_order="0">
      <attribute name="temp_c">15</attribute>
    </ellipse>
    <points label="temp_center" source="manual" occluded="0" points="1510.10,2474.20" z_order="0">
    </points>
    <points label="temp_tip" source="manual" occluded="0" points="1789.90,1757.50" z_order="0">
    </points>
  </image>
  <image id="171" name="PXL_20260125_115539262.jpg" width="3472" height="4624">
    <ellipse label="temp_dial" source="manual" occluded="0" cx="1809.36" cy="2557.93" rx="859.02" ry="1079.08" rotation="6.60" z_order="0">
      <attribute name="temp_c">15</attribute>
    </ellipse>
    <points label="temp_center" source="manual" occluded="0" points="1686.80,2488.90" z_order="0">
    </points>
    <points label="temp_tip" source="manual" occluded="0" points="1942.10,1723.10" z_order="0">
    </points>
  </image>
  <image id="172" name="PXL_20260125_115539763.jpg" width="3472" height="4624">
    <ellipse label="temp_dial" source="manual" occluded="0" cx="1878.41" cy="2704.80" rx="643.02" ry="1129.05" z_order="0">
      <attribute name="temp_c">15</attribute>
    </ellipse>
    <points label="temp_center" source="manual" occluded="0" points="1735.90,2665.60" z_order="0">
    </points>
    <points label="temp_tip" source="manual" occluded="0" points="1971.50,1860.60" z_order="0">
    </points>
  </image>
  <image id="173" name="PXL_20260125_115540293.jpg" width="3472" height="4624">
    <ellipse label="temp_dial" source="manual" occluded="0" cx="1613.27" cy="2582.00" rx="574.32" ry="1141.30" z_order="0">
      <attribute name="temp_c">15</attribute>
    </ellipse>
    <points label="temp_center" source="manual" occluded="0" points="1490.50,2557.60" z_order="0">
    </points>
    <points label="temp_tip" source="manual" occluded="0" points="1672.10,1733.00" z_order="0">
    </points>
  </image>
  <image id="174" name="PXL_20260125_115541259.jpg" width="3472" height="4624">
    <ellipse label="temp_dial" source="manual" occluded="0" cx="982.55" cy="2206.54" rx="738.74" ry="1045.60" z_order="0">
      <attribute name="temp_c">15</attribute>
    </ellipse>
    <points label="temp_center" source="manual" occluded="0" points="1122.30,2233.60" z_order="0">
    </points>
    <points label="temp_tip" source="manual" occluded="0" points="1215.60,1556.20" z_order="0">
    </points>
  </image>
  <image id="175" name="PXL_20260125_115541834.jpg" width="3472" height="4624">
    <ellipse label="temp_dial" source="manual" occluded="0" cx="1056.67" cy="2380.05" rx="720.27" ry="1066.02" rotation="6.40" z_order="0">
      <attribute name="temp_c">15</attribute>
    </ellipse>
    <points label="temp_center" source="manual" occluded="0" points="1186.10,2395.60" z_order="0">
    </points>
    <points label="temp_tip" source="manual" occluded="0" points="1303.90,1679.00" z_order="0">
    </points>
  </image>
  <image id="176" name="PXL_20260125_115542831.jpg" width="3472" height="4624">
    <ellipse label="temp_dial" source="manual" occluded="0" cx="1064.97" cy="2359.62" rx="573.84" ry="903.57" rotation="9.10" z_order="0">
      <attribute name="temp_c">15</attribute>
    </ellipse>
    <points label="temp_center" source="manual" occluded="0" points="1146.90,2385.80" z_order="0">
    </points>
    <points label="temp_tip" source="manual" occluded="0" points="1264.70,1742.80" z_order="0">
    </points>
  </image>
  <image id="177" name="PXL_20260125_115543576.jpg" width="3472" height="4624">
    <ellipse label="temp_dial" source="manual" occluded="0" cx="1218.10" cy="2530.52" rx="834.46" ry="922.88" z_order="0">
      <attribute name="temp_c">15</attribute>
    </ellipse>
    <points label="temp_center" source="manual" occluded="0" points="1333.40,2542.90" z_order="0">
    </points>
    <points label="temp_tip" source="manual" occluded="0" points="1461.00,1934.20" z_order="0">
    </points>
  </image>
  <image id="178" name="PXL_20260125_115544186.jpg" width="3472" height="4624">
    <ellipse label="temp_dial" source="manual" occluded="0" cx="1458.62" cy="2901.12" rx="952.26" ry="927.77" z_order="0">
      <attribute name="temp_c">15</attribute>
    </ellipse>
    <points label="temp_center" source="manual" occluded="0" points="1490.50,2788.30" z_order="0">
    </points>
    <points label="temp_tip" source="manual" occluded="0" points="1672.10,2243.50" z_order="0">
    </points>
  </image>
  <image id="179" name="PXL_20260125_115544803.jpg" width="3472" height="4624">
    <ellipse label="temp_dial" source="manual" occluded="0" cx="1510.20" cy="2969.88" rx="954.75" ry="859.08" z_order="0">
      <attribute name="temp_c">15</attribute>
    </ellipse>
    <points label="temp_center" source="manual" occluded="0" points="1529.70,2852.10" z_order="0">
    </points>
    <points label="temp_tip" source="manual" occluded="0" points="1740.80,2371.10" z_order="0">
    </points>
  </image>
  <image id="180" name="PXL_20260125_115545411.jpg" width="3472" height="4624">
    <ellipse label="temp_dial" source="manual" occluded="0" cx="1470.94" cy="2906.08" rx="976.85" ry="817.33" z_order="0">
      <attribute name="temp_c">15</attribute>
    </ellipse>
    <points label="temp_center" source="manual" occluded="0" points="1485.60,2758.90" z_order="0">
    </points>
    <points label="temp_tip" source="manual" occluded="0" points="1711.40,2307.30" z_order="0">
    </points>
  </image>
  <image id="181" name="PXL_20260125_115546076.jpg" width="3472" height="4624">
    <ellipse label="temp_dial" source="manual" occluded="0" cx="1439.01" cy="2155.02" rx="873.74" ry="871.33" z_order="0">
      <attribute name="temp_c">15</attribute>
    </ellipse>
    <points label="temp_center" source="manual" occluded="0" points="1470.80,2174.70" z_order="0">
    </points>
    <points label="temp_tip" source="manual" occluded="0" points="1647.50,1575.90" z_order="0">
    </points>
  </image>
  <image id="182" name="PXL_20260125_115546842.jpg" width="3472" height="4624">
    <ellipse label="temp_dial" source="manual" occluded="0" cx="1345.74" cy="2314.56" rx="886.01" ry="859.04" z_order="0">
      <attribute name="temp_c">15</attribute>
    </ellipse>
    <points label="temp_center" source="manual" occluded="0" points="1382.50,2361.30" z_order="0">
    </points>
    <points label="temp_tip" source="manual" occluded="0" points="1569.00,1782.00" z_order="0">
    </points>
  </image>
  <image id="183" name="PXL_20260125_115547414.jpg" width="3472" height="4624">
    <ellipse label="temp_dial" source="manual" occluded="0" cx="1387.47" cy="2366.08" rx="844.27" ry="814.87" z_order="0">
      <attribute name="temp_c">15</attribute>
    </ellipse>
    <points label="temp_center" source="manual" occluded="0" points="1416.80,2405.40" z_order="0">
    </points>
    <points label="temp_tip" source="manual" occluded="0" points="1603.40,1826.20" z_order="0">
    </points>
  </image>
  <image id="184" name="PXL_20260125_115551028.jpg" width="3472" height="4624">
    <ellipse label="temp_dial" source="manual" occluded="0" cx="1235.29" cy="2282.60" rx="856.56" ry="836.95" z_order="0">
      <attribute name="temp_c">15</attribute>
    </ellipse>
    <points label="temp_center" source="manual" occluded="0" points="1249.90,2258.20" z_order="0">
    </points>
    <points label="temp_tip" source="manual" occluded="0" points="1451.20,1713.30" z_order="0">
    </points>
  </image>
  <image id="185" name="PXL_20260125_115551677.jpg" width="3472" height="4624">
    <ellipse label="temp_dial" source="manual" occluded="0" cx="1392.37" cy="2316.92" rx="856.56" ry="866.43" z_order="0">
      <attribute name="temp_c">15</attribute>
    </ellipse>
    <points label="temp_center" source="manual" occluded="0" points="1416.80,2322.00" z_order="0">
    </points>
    <points label="temp_tip" source="manual" occluded="0" points="1627.90,1767.30" z_order="0">
    </points>
  </image>
  <image id="186" name="PXL_20260125_115552259.jpg" width="3472" height="4624">
    <ellipse label="temp_dial" source="manual" occluded="0" cx="1475.76" cy="2162.34" rx="827.11" ry="829.61" z_order="0">
      <attribute name="temp_c">15</attribute>
    </ellipse>
    <points label="temp_center" source="manual" occluded="0" points="1505.20,2160.00" z_order="0">
    </points>
    <points label="temp_tip" source="manual" occluded="0" points="1691.70,1580.80" z_order="0">
    </points>
  </image>
  <image id="187" name="PXL_20260125_115552985.jpg" width="3472" height="4624">
    <ellipse label="temp_dial" source="manual" occluded="0" cx="1375.17" cy="2128.00" rx="834.49" ry="814.87" z_order="0">
      <attribute name="temp_c">15</attribute>
    </ellipse>
    <points label="temp_center" source="manual" occluded="0" points="1426.70,2120.70" z_order="0">
    </points>
    <points label="temp_tip" source="manual" occluded="0" points="1598.50,1580.80" z_order="0">
    </points>
  </image>
  <image id="188" name="PXL_20260125_115554156.jpg" width="3472" height="4624">
    <ellipse label="temp_dial" source="manual" occluded="0" cx="1414.47" cy="2280.15" rx="851.64" ry="824.70" z_order="0">
      <attribute name="temp_c">15</attribute>
    </ellipse>
    <points label="temp_center" source="manual" occluded="0" points="1441.40,2272.90" z_order="0">
    </points>
    <points label="temp_tip" source="manual" occluded="0" points="1637.70,1718.20" z_order="0">
    </points>
  </image>
  <image id="189" name="PXL_20260125_115554764.jpg" width="3472" height="4624">
    <ellipse label="temp_dial" source="manual" occluded="0" cx="1407.07" cy="2253.17" rx="834.48" ry="829.62" z_order="0">
      <attribute name="temp_c">15</attribute>
    </ellipse>
    <points label="temp_center" source="manual" occluded="0" points="1436.50,2268.00" z_order="0">
    </points>
    <points label="temp_tip" source="manual" occluded="0" points="1618.10,1742.80" z_order="0">
    </points>
  </image>
  <image id="190" name="PXL_20260125_115603764.jpg" width="3472" height="4624">
    <ellipse label="temp_dial" source="manual" occluded="0" cx="1610.81" cy="1767.25" rx="834.44" ry="844.30" z_order="0">
      <attribute name="temp_c">15</attribute>
    </ellipse>
    <points label="temp_center" source="manual" occluded="0" points="1627.90,1831.10" z_order="0">
    </points>
    <points label="temp_tip" source="manual" occluded="0" points="1839.00,1256.80" z_order="0">
    </points>
  </image>
  <image id="191" name="PXL_20260125_115605315.jpg" width="3472" height="4624">
    <ellipse label="temp_dial" source="manual" occluded="0" cx="1694.26" cy="2088.73" rx="1070.10" ry="1065.23" z_order="0">
      <attribute name="temp_c">15</attribute>
    </ellipse>
    <points label="temp_center" source="manual" occluded="0" points="1706.40,2145.30" z_order="0">
    </points>
    <points label="temp_tip" source="manual" occluded="0" points="2005.90,1428.60" z_order="0">
    </points>
  </image>
  <image id="192" name="PXL_20260125_115607703.jpg" width="3472" height="4624">
    <ellipse label="temp_dial" source="manual" occluded="0" cx="1785.02" cy="3259.43" rx="699.47" ry="694.62" z_order="0">
      <attribute name="temp_c">15</attribute>
    </ellipse>
    <points label="temp_center" source="manual" occluded="0" points="1775.20,3254.70" z_order="0">
    </points>
    <points label="temp_tip" source="manual" occluded="0" points="1986.20,2793.20" z_order="0">
    </points>
  </image>
  <image id="193" name="PXL_20260125_115608397.jpg" width="3472" height="4624">
    <ellipse label="temp_dial" source="manual" occluded="0" cx="1728.91" cy="3093.52" rx="701.95" ry="678.45" rotation="9.90" z_order="0">
      <attribute name="temp_c">15</attribute>
    </ellipse>
    <points label="temp_center" source="manual" occluded="0" points="1731.00,3117.20" z_order="0">
    </points>
    <points label="temp_tip" source="manual" occluded="0" points="1932.20,2621.40" z_order="0">
    </points>
  </image>
  <image id="194" name="PXL_20260125_115609083.jpg" width="3472" height="4624">
    <ellipse label="temp_dial" source="manual" occluded="0" cx="1706.60" cy="2933.02" rx="721.55" ry="719.17" z_order="0">
      <attribute name="temp_c">15</attribute>
    </ellipse>
    <points label="temp_center" source="manual" occluded="0" points="1701.50,2935.60" z_order="0">
    </points>
    <points label="temp_tip" source="manual" occluded="0" points="1902.80,2454.50" z_order="0">
    </points>
  </image>
  <image id="195" name="PXL_20260125_115609819.jpg" width="3472" height="4624">
    <ellipse label="temp_dial" source="manual" occluded="0" cx="1708.95" cy="2739.15" rx="746.15" ry="733.90" z_order="0">
      <attribute name="temp_c">15</attribute>
    </ellipse>
    <points label="temp_center" source="manual" occluded="0" points="1721.20,2744.10" z_order="0">
    </points>
    <points label="temp_tip" source="manual" occluded="0" points="1907.70,2263.10" z_order="0">
    </points>
  </image>
  <image id="196" name="PXL_20260125_115610360.jpg" width="3472" height="4624">
    <ellipse label="temp_dial" source="manual" occluded="0" cx="1721.25" cy="2442.15" rx="770.70" ry="758.45" z_order="0">
      <attribute name="temp_c">15</attribute>
    </ellipse>
    <points label="temp_center" source="manual" occluded="0" points="1721.20,2449.60" z_order="0">
    </points>
    <points label="temp_tip" source="manual" occluded="0" points="1922.40,1968.60" z_order="0">
    </points>
  </image>
  <image id="197" name="PXL_20260125_115610974.jpg" width="3472" height="4624">
    <ellipse label="temp_dial" source="manual" occluded="0" cx="1794.88" cy="2393.10" rx="753.53" ry="736.32" z_order="0">
      <attribute name="temp_c">15</attribute>
    </ellipse>
    <points label="temp_center" source="manual" occluded="0" points="1804.60,2425.10" z_order="0">
    </points>
    <points label="temp_tip" source="manual" occluded="0" points="2015.70,1899.80" z_order="0">
    </points>
  </image>
  <image id="198" name="PXL_20260125_115611830.jpg" width="3472" height="4624">
    <ellipse label="temp_dial" source="manual" occluded="0" cx="1718.82" cy="2378.35" rx="724.03" ry="721.60" z_order="0">
      <attribute name="temp_c">15</attribute>
    </ellipse>
    <points label="temp_center" source="manual" occluded="0" points="1716.30,2400.50" z_order="0">
    </points>
    <points label="temp_tip" source="manual" occluded="0" points="1942.10,1894.90" z_order="0">
    </points>
  </image>
  <image id="199" name="PXL_20260125_115612552.jpg" width="3472" height="4624">
    <ellipse label="temp_dial" source="manual" occluded="0" cx="1713.87" cy="2341.53" rx="738.77" ry="741.28" z_order="0">
      <attribute name="temp_c">15</attribute>
    </ellipse>
    <points label="temp_center" source="manual" occluded="0" points="1721.20,2361.30" z_order="0">
    </points>
    <points label="temp_tip" source="manual" occluded="0" points="1937.20,1855.70" z_order="0">
    </points>
  </image>
</annotations>
