<?xml version="1.0" encoding="utf-8"?>
<annotations>
  <version>1.1</version>
  <meta>
    <job>
      <id>1</id>
      <size>50</size>
      <mode>annotation</mode>
      <overlap>0</overlap>
      <bugtracker></bugtracker>
      <created>2026-01-26 23:21:07.725791+00:00</created>
      <updated>2026-01-27 23:17:02.590431+00:00</updated>
      <subset>default</subset>
      <start_frame>0</start_frame>
      <stop_frame>49</stop_frame>
      <frame_filter></frame_filter>
      <segments>
        <segment>
          <id>1</id>
          <start>0</start>
          <stop>49</stop>
          <url>http://localhost:8080/api/jobs/1</url>
        </segment>
      </segments>
      <owner>
        <username>django</username>
        <email>latchmepersad@gmail.com</email>
      </owner>
      <assignee></assignee>
      <labels>
        <label>
          <name>temp_dial</name>
          <color>#7b0278</color>
          <type>ellipse</type>
          <attributes>
            <attribute>
              <name>temp_c</name>
              <mutable>True</mutable>
              <input_type>number</input_type>
              <default_value>30</default_value>
              <values>-30
50
0.5</values>
            </attribute>
          </attributes>
        </label>
        <label>
          <name>temp_center</name>
          <color>#39a687</color>
          <type>points</type>
          <attributes>
          </attributes>
        </label>
        <label>
          <name>temp_tip</name>
          <color>#397169</color>
          <type>points</type>
          <attributes>
          </attributes>
        </label>
      </labels>
    </job>
    <dumped>2026-02-02 23:44:20.265029+00:00</dumped>
  </meta>
  <image id="0" name="PXL_20260125_114517176.jpg" width="3472" height="4624">
    <ellipse label="temp_dial" source="manual" occluded="0" cx="1668.25" cy="2635.88" rx="1527.22" ry="1483.03" rotation="0.40" z_order="0">
      <attribute name="temp_c">-29</attribute>
    </ellipse>
    <points label="temp_center" source="manual" occluded="0" points="1680.50,2727.80" z_order="0">
    </points>
    <points label="temp_tip" source="manual" occluded="0" points="754.59,3276.72" z_order="0">
    </points>
  </image>
  <image id="1" name="PXL_20260125_114520969.jpg" width="3472" height="4624">
    <ellipse label="temp_dial" source="manual" occluded="0" cx="1869.51" cy="2309.62" rx="1291.76" ry="1360.93" rotation="359.20" z_order="0">
      <attribute name="temp_c">-29</attribute>
    </ellipse>
    <points label="temp_tip" source="manual" occluded="0" points="993.00,2788.82" z_order="0">
    </points>
    <points label="temp_center" source="manual" occluded="0" points="1735.95,2361.90" z_order="0">
    </points>
  </image>
  <image id="2" name="PXL_20260125_114524235.jpg" width="3472" height="4624">
    <ellipse label="temp_dial" source="manual" occluded="0" cx="2075.36" cy="2202.46" rx="1086.69" ry="1245.42" rotation="6.80" z_order="0">
      <attribute name="temp_c">30</attribute>
    </ellipse>
    <points label="temp_center" source="manual" occluded="0" points="1874.55,2201.12" z_order="0">
    </points>
    <points label="temp_tip" source="manual" occluded="0" points="1264.67,2555.96" z_order="0">
    </points>
  </image>
  <image id="3" name="PXL_20260125_114524322.jpg" width="3472" height="4624">
    <ellipse label="temp_dial" source="manual" occluded="0" cx="2086.56" cy="2214.12" rx="1075.60" ry="1250.85" rotation="6.30" z_order="0">
      <attribute name="temp_c">-29</attribute>
    </ellipse>
    <points label="temp_tip" source="manual" occluded="0" points="1281.31,2572.59" z_order="0">
    </points>
    <points label="temp_center" source="manual" occluded="0" points="1885.64,2217.75" z_order="0">
    </points>
  </image>
  <image id="4" name="PXL_20260125_114527337.jpg" width="3472" height="4624">
    <ellipse label="temp_dial" source="manual" occluded="0" cx="2002.10" cy="2381.31" rx="1003.55" ry="1228.06" z_order="0">
      <attribute name="temp_c">-29</attribute>
    </ellipse>
    <points label="temp_center" source="manual" occluded="0" points="1824.66,2378.54" z_order="0">
    </points>
    <points label="temp_tip" source="manual" occluded="0" points="1286.85,2689.02" z_order="0">
    </points>
  </image>
  <image id="5" name="PXL_20260125_114529783.jpg" width="3472" height="4624">
    <ellipse label="temp_dial" source="manual" occluded="0" cx="1648.08" cy="2369.25" rx="1152.03" ry="1155.41" rotation="23.50" z_order="0">
      <attribute name="temp_c">-29</attribute>
    </ellipse>
    <points label="temp_tip" source="manual" occluded="0" points="826.67,2644.67" z_order="0">
    </points>
    <points label="temp_center" source="manual" occluded="0" points="1586.25,2278.74" z_order="0">
    </points>
  </image>
  <image id="6" name="PXL_20260125_114531276.jpg" width="3472" height="4624">
    <ellipse label="temp_dial" source="manual" occluded="0" cx="1788.29" cy="2432.46" rx="1072.81" ry="1092.65" rotation="23.10" z_order="0">
      <attribute name="temp_c">-29</attribute>
    </ellipse>
    <points label="temp_center" source="manual" occluded="0" points="1741.49,2328.64" z_order="0">
    </points>
    <points label="temp_tip" source="manual" occluded="0" points="998.54,2650.21" z_order="0">
    </points>
  </image>
  <image id="7" name="PXL_20260125_114532964.jpg" width="3472" height="4624">
    <ellipse label="temp_dial" source="manual" occluded="0" cx="1661.10" cy="2336.91" rx="1222.55" ry="1186.51" z_order="0">
      <attribute name="temp_c">-29</attribute>
    </ellipse>
    <points label="temp_tip" source="manual" occluded="0" points="893.20,2811.00" z_order="0">
    </points>
    <points label="temp_center" source="manual" occluded="0" points="1652.78,2445.07" z_order="0">
    </points>
  </image>
  <image id="8" name="PXL_20260125_114534732.jpg" width="3472" height="4624">
    <ellipse label="temp_dial" source="manual" occluded="0" cx="1661.10" cy="2115.15" rx="1377.80" ry="1203.15" z_order="0">
      <attribute name="temp_c">-29</attribute>
    </ellipse>
    <points label="temp_center" source="manual" occluded="0" points="1674.96,2328.64" z_order="0">
    </points>
    <points label="temp_tip" source="manual" occluded="0" points="882.11,2700.11" z_order="0">
    </points>
  </image>
  <image id="9" name="PXL_20260125_114536986.jpg" width="3472" height="4624">
    <ellipse label="temp_dial" source="manual" occluded="0" cx="1511.28" cy="2213.32" rx="1205.45" ry="1425.50" rotation="340.70" z_order="0">
      <attribute name="temp_c">-29</attribute>
    </ellipse>
    <points label="temp_tip" source="manual" occluded="0" points="654.79,2633.58" z_order="0">
    </points>
    <points label="temp_center" source="manual" occluded="0" points="1320.12,2262.11" z_order="0">
    </points>
  </image>
  <image id="10" name="PXL_20260125_114538442.jpg" width="3472" height="4624">
    <ellipse label="temp_dial" source="manual" occluded="0" cx="1702.70" cy="2176.13" rx="1131.05" ry="1452.63" rotation="355.50" z_order="0">
      <attribute name="temp_c">-29</attribute>
    </ellipse>
    <points label="temp_center" source="manual" occluded="0" points="1464.27,2206.66" z_order="0">
    </points>
    <points label="temp_tip" source="manual" occluded="0" points="871.03,2572.59" z_order="0">
    </points>
  </image>
  <image id="11" name="PXL_20260125_114540819.jpg" width="3472" height="4624">
    <ellipse label="temp_dial" source="manual" occluded="0" cx="1481.67" cy="1948.88" rx="1272.18" ry="1350.07" rotation="14.60" z_order="0">
      <attribute name="temp_c">-29</attribute>
    </ellipse>
    <points label="temp_tip" source="manual" occluded="0" points="771.23,2600.31" z_order="0">
    </points>
    <points label="temp_center" source="manual" occluded="0" points="1647.24,2051.42" z_order="0">
    </points>
  </image>
  <image id="12" name="PXL_20260125_114541776.jpg" width="3472" height="4624">
    <ellipse label="temp_dial" source="manual" occluded="0" cx="1455.98" cy="1929.46" rx="1192.08" ry="1333.42" rotation="22.30" z_order="0">
      <attribute name="temp_c">-29</attribute>
    </ellipse>
    <points label="temp_center" source="manual" occluded="0" points="1619.51,2012.61" z_order="0">
    </points>
    <points label="temp_tip" source="manual" occluded="0" points="832.21,2555.96" z_order="0">
    </points>
  </image>
  <image id="13" name="PXL_20260125_114543193.jpg" width="3472" height="4624">
    <ellipse label="temp_dial" source="manual" occluded="0" cx="1483.71" cy="1935.76" rx="1265.71" ry="1234.17" rotation="29.40" z_order="0">
      <attribute name="temp_c">-29</attribute>
    </ellipse>
    <points label="temp_tip" source="manual" occluded="0" points="746.10,2398.00" z_order="0">
    </points>
    <points label="temp_center" source="manual" occluded="0" points="1590.80,1931.20" z_order="0">
    </points>
  </image>
  <image id="14" name="PXL_20260125_114544203.jpg" width="3472" height="4624">
    <ellipse label="temp_dial" source="manual" occluded="0" cx="1315.61" cy="2011.68" rx="1224.28" ry="1187.15" rotation="22.70" z_order="0">
      <attribute name="temp_c">-29</attribute>
    </ellipse>
    <points label="temp_tip" source="manual" occluded="0" points="540.20,2398.00" z_order="0">
    </points>
    <points label="temp_center" source="manual" occluded="0" points="1375.40,1950.40" z_order="0">
    </points>
  </image>
  <image id="15" name="PXL_20260125_114546762.jpg" width="3472" height="4624">
    <points label="temp_tip" source="manual" occluded="0" points="755.60,2790.50" z_order="0">
    </points>
    <ellipse label="temp_dial" source="manual" occluded="0" cx="1548.24" cy="2051.66" rx="1237.38" ry="1555.65" rotation="80.70" z_order="0">
      <attribute name="temp_c">-29</attribute>
    </ellipse>
    <points label="temp_center" source="manual" occluded="0" points="1629.10,2338.10" z_order="0">
    </points>
  </image>
  <image id="16" name="PXL_20260125_114548536.jpg" width="3472" height="4624">
    <points label="temp_center" source="manual" occluded="0" points="1571.60,1892.90" z_order="0">
    </points>
    <ellipse label="temp_dial" source="manual" occluded="0" cx="1518.50" cy="1712.34" rx="959.34" ry="1200.44" rotation="74.50" z_order="0">
      <attribute name="temp_c">-29</attribute>
    </ellipse>
    <points label="temp_tip" source="manual" occluded="0" points="841.80,2259.20" z_order="0">
    </points>
  </image>
  <image id="17" name="PXL_20260125_114549307.jpg" width="3472" height="4624">
    <ellipse label="temp_dial" source="manual" occluded="0" cx="1473.34" cy="1729.97" rx="925.57" ry="1276.21" rotation="73.20" z_order="0">
      <attribute name="temp_c">-29</attribute>
    </ellipse>
    <points label="temp_tip" source="manual" occluded="0" points="789.10,2331.00" z_order="0">
    </points>
    <points label="temp_center" source="manual" occluded="0" points="1542.90,1950.40" z_order="0">
    </points>
  </image>
  <image id="18" name="PXL_20260125_114550243.jpg" width="3472" height="4624">
    <points label="temp_center" source="manual" occluded="0" points="1672.20,2094.00" z_order="0">
    </points>
    <ellipse label="temp_dial" source="manual" occluded="0" cx="1611.94" cy="1891.15" rx="1164.92" ry="1333.42" rotation="69.10" z_order="0">
      <attribute name="temp_c">-29</attribute>
    </ellipse>
    <points label="temp_tip" source="manual" occluded="0" points="851.40,2469.80" z_order="0">
    </points>
  </image>
  <image id="19" name="PXL_20260125_114552322.jpg" width="3472" height="4624">
    <points label="temp_tip" source="manual" occluded="0" points="693.40,2240.00" z_order="0">
    </points>
    <ellipse label="temp_dial" source="manual" occluded="0" cx="1586.36" cy="1972.49" rx="1153.67" ry="1333.42" rotation="100.40" z_order="0">
      <attribute name="temp_c">-29</attribute>
    </ellipse>
    <points label="temp_center" source="manual" occluded="0" points="1619.50,1806.80" z_order="0">
    </points>
  </image>
  <image id="20" name="PXL_20260125_114553434.jpg" width="3472" height="4624">
    <points label="temp_tip" source="manual" occluded="0" points="770.00,2158.70" z_order="0">
    </points>
    <ellipse label="temp_dial" source="manual" occluded="0" cx="1644.88" cy="2004.86" rx="896.74" ry="1281.10" rotation="93.10" z_order="0">
      <attribute name="temp_c">-29</attribute>
    </ellipse>
    <points label="temp_center" source="manual" occluded="0" points="1662.60,1845.10" z_order="0">
    </points>
  </image>
  <image id="21" name="PXL_20260125_114554365.jpg" width="3472" height="4624">
    <points label="temp_tip" source="manual" occluded="0" points="832.20,2287.90" z_order="0">
    </points>
    <ellipse label="temp_dial" source="manual" occluded="0" cx="1717.54" cy="2040.47" rx="1108.41" ry="1340.59" rotation="93.10" z_order="0">
      <attribute name="temp_c">-29</attribute>
    </ellipse>
    <points label="temp_center" source="manual" occluded="0" points="1739.20,1864.20" z_order="0">
    </points>
  </image>
  <image id="22" name="PXL_20260125_114555470.jpg" width="3472" height="4624">
    <points label="temp_tip" source="manual" occluded="0" points="659.90,2541.60" z_order="0">
    </points>
    <ellipse label="temp_dial" source="manual" occluded="0" cx="1670.88" cy="2177.43" rx="1311.04" ry="1511.85" rotation="41.20" z_order="0">
      <attribute name="temp_c">-29</attribute>
    </ellipse>
    <points label="temp_center" source="manual" occluded="0" points="1528.60,2036.50" z_order="0">
    </points>
  </image>
  <image id="23" name="PXL_20260125_114556873.jpg" width="3472" height="4624">
    <points label="temp_tip" source="manual" occluded="0" points="511.50,2929.30" z_order="0">
    </points>
    <ellipse label="temp_dial" source="manual" occluded="0" cx="1436.62" cy="2520.89" rx="1259.69" ry="1622.10" rotation="7.10" z_order="0">
      <attribute name="temp_c">-29</attribute>
    </ellipse>
    <points label="temp_center" source="manual" occluded="0" points="1174.30,2472.10" z_order="0">
    </points>
  </image>
  <image id="24" name="PXL_20260125_114606035.jpg" width="3472" height="4624">
    <points label="temp_center" source="manual" occluded="0" points="1586.00,2481.70" z_order="0">
    </points>
    <ellipse label="temp_dial" source="manual" occluded="0" cx="1567.59" cy="2441.92" rx="1302.41" ry="1278.18" rotation="22.30" z_order="0">
      <attribute name="temp_c">-29</attribute>
    </ellipse>
    <points label="temp_tip" source="manual" occluded="0" points="779.60,2977.20" z_order="0">
    </points>
  </image>
  <image id="25" name="PXL_20260125_114611913.jpg" width="3472" height="4624">
    <ellipse label="temp_dial" source="manual" occluded="0" cx="1759.20" cy="2390.65" rx="1522.81" ry="1536.68" rotation="35.40" z_order="0">
      <attribute name="temp_c">-29</attribute>
    </ellipse>
    <points label="temp_tip" source="manual" occluded="0" points="832.20,2977.20" z_order="0">
    </points>
    <points label="temp_center" source="manual" occluded="0" points="1863.60,2386.00" z_order="0">
    </points>
  </image>
  <image id="26" name="PXL_20260125_114631441.jpg" width="3472" height="4624">
    <points label="temp_center" source="manual" occluded="0" points="1763.10,2251.90" z_order="0">
    </points>
    <ellipse label="temp_dial" source="manual" occluded="0" cx="1707.30" cy="2197.05" rx="1523.71" ry="1529.52" rotation="22.30" z_order="0">
      <attribute name="temp_c">-29</attribute>
    </ellipse>
    <points label="temp_tip" source="manual" occluded="0" points="822.60,2886.20" z_order="0">
    </points>
  </image>
  <image id="27" name="PXL_20260125_114637155.jpg" width="3472" height="4624">
    <points label="temp_tip" source="manual" occluded="0" points="932.70,2919.70" z_order="0">
    </points>
    <ellipse label="temp_dial" source="manual" occluded="0" cx="1735.87" cy="2387.09" rx="1328.44" ry="1333.42" rotation="22.30" z_order="0">
      <attribute name="temp_c">-29</attribute>
    </ellipse>
    <points label="temp_center" source="manual" occluded="0" points="1777.50,2376.40" z_order="0">
    </points>
  </image>
  <image id="28" name="PXL_20260125_114642671.jpg" width="3472" height="4624">
    <points label="temp_tip" source="manual" occluded="0" points="717.30,2905.40" z_order="0">
    </points>
    <ellipse label="temp_dial" source="manual" occluded="0" cx="1633.89" cy="2559.17" rx="1441.00" ry="1391.33" rotation="22.30" z_order="0">
      <attribute name="temp_c">-29</attribute>
    </ellipse>
    <points label="temp_center" source="manual" occluded="0" points="1657.80,2352.50" z_order="0">
    </points>
  </image>
  <image id="29" name="PXL_20260125_114653836.jpg" width="3472" height="4624">
    <points label="temp_tip" source="manual" occluded="0" points="1090.70,2675.60" z_order="0">
    </points>
    <ellipse label="temp_dial" source="manual" occluded="0" cx="1849.86" cy="2021.81" rx="1324.63" ry="1299.18" rotation="22.30" z_order="0">
      <attribute name="temp_c">-29</attribute>
    </ellipse>
    <points label="temp_center" source="manual" occluded="0" points="1868.40,2113.10" z_order="0">
    </points>
  </image>
  <image id="30" name="PXL_20260125_114751509.jpg" width="3472" height="4624">
    <points label="temp_tip" source="manual" occluded="0" points="770.00,3068.10" z_order="0">
    </points>
    <ellipse label="temp_dial" source="manual" occluded="0" cx="1551.41" cy="2441.35" rx="1355.17" ry="1348.23" rotation="22.30" z_order="0">
      <attribute name="temp_c">-29</attribute>
    </ellipse>
    <points label="temp_center" source="manual" occluded="0" points="1542.90,2409.90" z_order="0">
    </points>
  </image>
  <image id="31" name="PXL_20260125_114841596.jpg" width="3472" height="4624">
    <ellipse label="temp_dial" source="manual" occluded="0" cx="1782.26" cy="2419.88" rx="1500.86" ry="1502.20" rotation="22.30" z_order="0">
      <attribute name="temp_c">-17.5</attribute>
    </ellipse>
    <points label="temp_tip" source="manual" occluded="0" points="688.60,2431.50" z_order="0">
    </points>
    <points label="temp_center" source="manual" occluded="0" points="1820.60,2443.40" z_order="0">
    </points>
  </image>
  <image id="32" name="PXL_20260125_114842502.jpg" width="3472" height="4624">
    <points label="temp_tip" source="manual" occluded="0" points="841.80,2532.00" z_order="0">
    </points>
    <ellipse label="temp_dial" source="manual" occluded="0" cx="1839.31" cy="2653.77" rx="1344.79" ry="1333.42" rotation="22.30" z_order="0">
      <attribute name="temp_c">-17.5</attribute>
    </ellipse>
    <points label="temp_center" source="manual" occluded="0" points="1863.60,2591.80" z_order="0">
    </points>
  </image>
  <image id="33" name="PXL_20260125_114843309.jpg" width="3472" height="4624">
    <points label="temp_center" source="manual" occluded="0" points="1662.60,2371.60" z_order="0">
    </points>
    <points label="temp_tip" source="manual" occluded="0" points="592.90,2383.60" z_order="0">
    </points>
    <ellipse label="temp_dial" source="manual" occluded="0" cx="1639.55" cy="2525.96" rx="1423.34" ry="1380.56" rotation="22.30" z_order="0">
      <attribute name="temp_c">-17.5</attribute>
    </ellipse>
  </image>
  <image id="34" name="PXL_20260125_114844155.jpg" width="3472" height="4624">
    <points label="temp_tip" source="manual" occluded="0" points="645.50,2350.10" z_order="0">
    </points>
    <ellipse label="temp_dial" source="manual" occluded="0" cx="1614.98" cy="2526.52" rx="1275.18" ry="1362.51" rotation="87.00" z_order="0">
      <attribute name="temp_c">-17.5</attribute>
    </ellipse>
    <points label="temp_center" source="manual" occluded="0" points="1657.80,2342.90" z_order="0">
    </points>
  </image>
  <image id="35" name="PXL_20260125_114845174.jpg" width="3472" height="4624">
    <points label="temp_tip" source="manual" occluded="0" points="530.70,2441.10" z_order="0">
    </points>
    <ellipse label="temp_dial" source="manual" occluded="0" cx="1488.53" cy="2407.90" rx="1408.53" ry="1497.31" rotation="339.70" z_order="0">
      <attribute name="temp_c">-17.5</attribute>
    </ellipse>
    <points label="temp_center" source="manual" occluded="0" points="1677.00,2371.60" z_order="0">
    </points>
  </image>
  <image id="36" name="PXL_20260125_114845992.jpg" width="3472" height="4624">
    <points label="temp_tip" source="manual" occluded="0" points="808.30,2402.80" z_order="0">
    </points>
    <ellipse label="temp_dial" source="manual" occluded="0" cx="1587.76" cy="2338.86" rx="1192.08" ry="1407.56" rotation="3.80" z_order="0">
      <attribute name="temp_c">-17.5</attribute>
    </ellipse>
    <points label="temp_center" source="manual" occluded="0" points="1811.00,2328.50" z_order="0">
    </points>
  </image>
  <image id="37" name="PXL_20260125_114847037.jpg" width="3472" height="4624">
    <ellipse label="temp_dial" source="manual" occluded="0" cx="2005.71" cy="2471.82" rx="1504.88" ry="1521.96" rotation="7.30" z_order="0">
      <attribute name="temp_c">-17.5</attribute>
    </ellipse>
    <points label="temp_tip" source="manual" occluded="0" points="827.40,2359.70" z_order="0">
    </points>
    <points label="temp_center" source="manual" occluded="0" points="1830.10,2433.80" z_order="0">
    </points>
  </image>
  <image id="38" name="PXL_20260125_114848028.jpg" width="3472" height="4624">
    <ellipse label="temp_dial" source="manual" occluded="0" cx="2002.25" cy="2510.57" rx="1480.04" ry="1618.08" rotation="10.50" z_order="0">
      <attribute name="temp_c">-17.5</attribute>
    </ellipse>
    <points label="temp_tip" source="manual" occluded="0" points="880.10,2364.50" z_order="0">
    </points>
    <points label="temp_center" source="manual" occluded="0" points="1763.10,2481.70" z_order="0">
    </points>
  </image>
  <image id="39" name="PXL_20260125_114848857.jpg" width="3472" height="4624">
    <points label="temp_center" source="manual" occluded="0" points="1437.60,2161.00" z_order="0">
    </points>
    <ellipse label="temp_dial" source="manual" occluded="0" cx="1542.45" cy="2318.15" rx="1244.14" ry="1415.50" rotation="30.50" z_order="0">
      <attribute name="temp_c">-17.5</attribute>
    </ellipse>
    <points label="temp_tip" source="manual" occluded="0" points="592.90,2177.80" z_order="0">
    </points>
  </image>
  <image id="40" name="PXL_20260125_114850084.jpg" width="3472" height="4624">
    <points label="temp_tip" source="manual" occluded="0" points="473.20,2240.00" z_order="0">
    </points>
    <ellipse label="temp_dial" source="manual" occluded="0" cx="1563.82" cy="1990.43" rx="1511.74" ry="1382.75" rotation="341.00" z_order="0">
      <attribute name="temp_c">-29</attribute>
    </ellipse>
    <points label="temp_center" source="manual" occluded="0" points="1638.70,2237.60" z_order="0">
    </points>
  </image>
  <image id="41" name="PXL_20260125_114850916.jpg" width="3472" height="4624">
    <points label="temp_tip" source="manual" occluded="0" points="286.50,1885.80" z_order="0">
    </points>
    <ellipse label="temp_dial" source="manual" occluded="0" cx="1311.54" cy="1593.23" rx="1436.73" ry="1416.95" rotation="24.90" z_order="0">
      <attribute name="temp_c">-17.5</attribute>
    </ellipse>
    <points label="temp_center" source="manual" occluded="0" points="1428.00,1854.60" z_order="0">
    </points>
  </image>
  <image id="42" name="PXL_20260125_114851923.jpg" width="3472" height="4624">
    <points label="temp_tip" source="manual" occluded="0" points="497.10,1981.50" z_order="0">
    </points>
    <ellipse label="temp_dial" source="manual" occluded="0" cx="1529.72" cy="1683.53" rx="1482.75" ry="1290.41" rotation="160.10" z_order="0">
      <attribute name="temp_c">-17.5</attribute>
    </ellipse>
    <points label="temp_center" source="manual" occluded="0" points="1619.51,2012.61" z_order="0">
    </points>
  </image>
  <image id="43" name="PXL_20260125_114854789.jpg" width="3472" height="4624">
    <points label="temp_tip" source="manual" occluded="0" points="683.80,1943.30" z_order="0">
    </points>
    <ellipse label="temp_dial" source="manual" occluded="0" cx="1477.81" cy="1971.14" rx="1140.10" ry="1111.64" rotation="22.30" z_order="0">
      <attribute name="temp_c">-29</attribute>
    </ellipse>
    <points label="temp_center" source="manual" occluded="0" points="1519.00,2007.80" z_order="0">
    </points>
  </image>
  <image id="44" name="PXL_20260125_114857049.jpg" width="3472" height="4624">
    <ellipse label="temp_dial" source="manual" occluded="0" cx="1523.12" cy="1981.76" rx="1139.61" ry="1117.13" rotation="22.30" z_order="0">
      <attribute name="temp_c">-17.5</attribute>
    </ellipse>
    <points label="temp_tip" source="manual" occluded="0" points="698.20,1962.40" z_order="0">
    </points>
    <points label="temp_center" source="manual" occluded="0" points="1542.90,2022.20" z_order="0">
    </points>
  </image>
  <image id="45" name="PXL_20260125_114859876.jpg" width="3472" height="4624">
    <ellipse label="temp_dial" source="manual" occluded="0" cx="1825.40" cy="2069.80" rx="1629.07" ry="1646.22" rotation="22.30" z_order="0">
      <attribute name="temp_c">-17.5</attribute>
    </ellipse>
    <points label="temp_tip" source="manual" occluded="0" points="602.50,2077.30" z_order="0">
    </points>
    <points label="temp_center" source="manual" occluded="0" points="1811.00,2127.50" z_order="0">
    </points>
  </image>
  <image id="46" name="PXL_20260125_114901412.jpg" width="3472" height="4624">
    <ellipse label="temp_dial" source="manual" occluded="0" cx="1727.30" cy="2507.46" rx="1363.40" ry="1156.81" rotation="3.50" z_order="0">
      <attribute name="temp_c">-17.5</attribute>
    </ellipse>
    <points label="temp_tip" source="manual" occluded="0" points="746.10,2307.00" z_order="0">
    </points>
    <points label="temp_center" source="manual" occluded="0" points="1700.90,2299.80" z_order="0">
    </points>
  </image>
  <image id="47" name="PXL_20260125_114901695.jpg" width="3472" height="4624">
    <ellipse label="temp_dial" source="manual" occluded="0" cx="1717.96" cy="2525.76" rx="1319.07" ry="1124.76" rotation="359.00" z_order="0">
      <attribute name="temp_c">-17.5</attribute>
    </ellipse>
    <points label="temp_tip" source="manual" occluded="0" points="750.80,2326.20" z_order="0">
    </points>
    <points label="temp_center" source="manual" occluded="0" points="1710.50,2319.00" z_order="0">
    </points>
  </image>
  <image id="48" name="PXL_20260125_114908265.jpg" width="3472" height="4624">
    <ellipse label="temp_dial" source="manual" occluded="0" cx="1688.81" cy="1984.96" rx="1349.27" ry="1420.42" rotation="356.40" z_order="0">
      <attribute name="temp_c">-17.5</attribute>
    </ellipse>
    <points label="temp_tip" source="manual" occluded="0" points="736.50,2015.10" z_order="0">
    </points>
    <points label="temp_center" source="manual" occluded="0" points="1839.70,2017.40" z_order="0">
    </points>
  </image>
  <image id="49" name="PXL_20260125_114908980.jpg" width="3472" height="4624">
    <points label="temp_tip" source="manual" occluded="0" points="664.70,1914.50" z_order="0">
    </points>
    <ellipse label="temp_dial" source="manual" occluded="0" cx="1551.71" cy="1843.30" rx="1192.08" ry="1333.42" rotation="348.80" z_order="0">
      <attribute name="temp_c">-29</attribute>
    </ellipse>
    <points label="temp_center" source="manual" occluded="0" points="1691.30,1888.20" z_order="0">
    </points>
  </image>
</annotations>
