image_path,temperature_c,split,source_width,source_height,loose_crop_x1,loose_crop_y1,loose_crop_x2,loose_crop_y2,center_x_source,center_y_source,tip_x_source,tip_y_source,dial_radius_source,label_quality,source_manifest,notes
ml/data/raw/PXL_20260125_114642671.jpg,-29.0,train,3472,4624,48,1028,3218,4089,1657.8,2352.5,717.3,2905.4,1416.165,manual,gauge_1_batch_1.zip,
ml/data/raw/PXL_20260125_114531276.jpg,-29.0,train,3472,4624,608,1230,2968,3634,1741.49,2328.64,998.54,2650.21,1082.73,manual,gauge_1_batch_1.zip,
ml/data/raw/PXL_20260125_114541776.jpg,-29.0,train,3472,4624,144,462,2767,3396,1619.51,2012.61,832.21,2555.96,1262.75,manual,gauge_1_batch_1.zip,
ml/data/raw/PXL_20260125_114549307.jpg,-29.0,train,3472,4624,455,326,2491,3133,1542.9,1950.4,789.1,2331.0,1100.89,manual,gauge_1_batch_1.zip,
ml/data/raw/PXL_20260125_114637155.jpg,-29.0,train,3472,4624,274,920,3197,3853,1777.5,2376.4,932.7,2919.7,1330.93,manual,gauge_1_batch_1.zip,
ml/data/raw/PXL_20260125_114543193.jpg,-29.0,train,3472,4624,91,578,2875,3293,1590.8,1931.2,746.1,2398.0,1249.94,manual,gauge_1_batch_1.zip,
ml/data/raw/PXL_20260125_114554365.jpg,-29.0,train,3472,4624,498,565,2936,3515,1739.2,1864.2,832.2,2287.9,1224.5,manual,gauge_1_batch_1.zip,
ml/data/raw/PXL_20260125_114548536.jpg,-29.0,train,3472,4624,463,391,2573,3032,1571.6,1892.9,841.8,2259.2,1079.89,manual,gauge_1_batch_1.zip,
ml/data/raw/PXL_20260125_114540819.jpg,-29.0,train,3472,4624,82,463,2881,3433,1647.24,2051.42,771.23,2600.31,1311.125,manual,gauge_1_batch_1.zip,
ml/data/raw/PXL_20260125_114546762.jpg,-29.0,train,3472,4624,187,340,2909,3762,1629.1,2338.1,755.6,2790.5,1396.515,manual,gauge_1_batch_1.zip,
ml/data/raw/PXL_20260125_114553434.jpg,-29.0,train,3472,4624,658,595,2631,3414,1662.6,1845.1,770.0,2158.7,1088.92,manual,gauge_1_batch_1.zip,
ml/data/raw/PXL_20260125_114556873.jpg,-29.0,train,3472,4624,50,736,2822,4305,1174.3,2472.1,511.5,2929.3,1440.895,manual,gauge_1_batch_1.zip,
ml/data/raw/PXL_20260125_114538442.jpg,-29.0,train,3472,4624,458,578,2946,3774,1464.27,2206.66,871.03,2572.59,1291.8400000000001,manual,gauge_1_batch_1.zip,
ml/data/raw/PXL_20260125_114751509.jpg,-29.0,train,3472,4624,60,958,3042,3924,1542.9,2409.9,770.0,3068.1,1351.7,manual,gauge_1_batch_1.zip,
ml/data/raw/PXL_20260125_114611913.jpg,-29.0,train,3472,4624,84,700,3434,4080,1863.6,2386.0,832.2,2977.2,1529.745,manual,gauge_1_batch_1.zip,
ml/data/raw/PXL_20260125_114532964.jpg,-29.0,train,3472,4624,316,1031,3005,3642,1652.78,2445.07,893.2,2811.0,1204.53,manual,gauge_1_batch_1.zip,
ml/data/raw/PXL_20260125_114631441.jpg,-29.0,train,3472,4624,31,514,3383,3879,1763.1,2251.9,822.6,2886.2,1526.615,manual,gauge_1_batch_1.zip,
ml/data/raw/PXL_20260125_114517176.jpg,-29.0,train,3472,4624,0,1004,3348,4267,1680.5,2727.8,754.59,3276.72,1505.125,manual,gauge_1_batch_1.zip,
ml/data/raw/PXL_20260125_114854789.jpg,-29.0,train,3472,4624,223,748,2731,3193,1519.0,2007.8,683.8,1943.3,1125.87,manual,gauge_1_batch_1.zip,
ml/data/raw/PXL_20260125_114544203.jpg,-29.0,train,3472,4624,0,705,2662,3317,1375.4,1950.4,540.2,2398.0,1205.7150000000001,manual,gauge_1_batch_1.zip,
ml/data/raw/PXL_20260125_114552322.jpg,-29.0,train,3472,4624,317,505,2855,3439,1619.5,1806.8,693.4,2240.0,1243.545,manual,gauge_1_batch_1.zip,
ml/data/raw/PXL_20260125_114524322.jpg,-29.0,train,3472,4624,903,838,3269,3590,1885.64,2217.75,1281.31,2572.59,1163.225,manual,gauge_1_batch_1.zip,
ml/data/raw/PXL_20260125_114550243.jpg,-29.0,train,3472,4624,330,424,2893,3357,1672.2,2094.0,851.4,2469.8,1249.17,manual,gauge_1_batch_1.zip,
ml/data/raw/PXL_20260125_114555470.jpg,-29.0,val,3472,4624,228,514,3113,3840,1528.6,2036.5,659.9,2541.6,1411.445,manual,gauge_1_batch_1.zip,
ml/data/raw/PXL_20260125_114527337.jpg,-29.0,val,3472,4624,898,1030,3106,3732,1824.66,2378.54,1286.85,2689.02,1115.8049999999998,manual,gauge_1_batch_1.zip,
ml/data/raw/PXL_20260125_114850084.jpg,-29.0,val,3472,4624,0,469,3226,3511,1638.7,2237.6,473.2,2240.0,1447.245,manual,gauge_1_batch_1.zip,
ml/data/raw/PXL_20260125_114529783.jpg,-29.0,val,3472,4624,380,1098,2915,3640,1586.25,2278.74,826.67,2644.67,1153.72,manual,gauge_1_batch_1.zip,
ml/data/raw/PXL_20260125_114653836.jpg,-29.0,test,3472,4624,392,592,3306,3450,1868.4,2113.1,1090.7,2675.6,1311.9050000000002,manual,gauge_1_batch_1.zip,
ml/data/raw/PXL_20260125_114908980.jpg,-29.0,test,3472,4624,240,376,2862,3310,1691.3,1888.2,664.7,1914.5,1262.75,manual,gauge_1_batch_1.zip,
ml/data/raw/PXL_20260125_114536986.jpg,-29.0,test,3472,4624,185,645,2837,3781,1320.12,2262.11,654.79,2633.58,1315.475,manual,gauge_1_batch_1.zip,
ml/data/raw/PXL_20260125_114606035.jpg,-29.0,test,3472,4624,134,1035,3000,3847,1586.0,2481.7,779.6,2977.2,1290.295,manual,gauge_1_batch_1.zip,
ml/data/raw/PXL_20260125_114520969.jpg,-29.0,test,3472,4624,448,812,3290,3806,1735.95,2361.9,993.0,2788.82,1326.345,manual,gauge_1_batch_1.zip,
ml/data/raw/PXL_20260125_114534732.jpg,-29.0,test,3472,4624,145,791,3176,3438,1674.96,2328.64,882.11,2700.11,1290.475,manual,gauge_1_batch_1.zip,
ml/data/raw/PXL_20260125_114524235.jpg,30.0,train,3472,4624,880,832,3270,3572,1874.55,2201.12,1264.67,2555.96,1166.055,manual,gauge_1_batch_1.zip,
ml/data/raw/PXL_20260125_114841596.jpg,-17.5,train,3472,4624,131,767,3433,4072,1820.6,2443.4,688.6,2431.5,1501.53,manual,gauge_1_batch_1.zip,
ml/data/raw/PXL_20260125_114912074.jpg,-17.5,train,3472,4624,196,898,2670,3578,1553.0,2134.6,621.5,2062.5,1171.2399999999998,manual,gauge_1_batch_2.zip,
ml/data/raw/PXL_20260125_115011316.jpg,-17.5,train,3472,4624,208,1755,2654,3754,1431.0,2600.3,649.3,2544.9,1010.2349999999999,manual,gauge_1_batch_2.zip,
ml/data/raw/PXL_20260125_114848857.jpg,-17.5,train,3472,4624,173,761,2911,3875,1437.6,2161.0,592.9,2177.8,1329.8200000000002,manual,gauge_1_batch_1.zip,
ml/data/raw/PXL_20260125_114848028.jpg,-17.5,train,3472,4624,374,730,3472,4290,1763.1,2481.7,880.1,2364.5,1549.06,manual,gauge_1_batch_1.zip,
ml/data/raw/PXL_20260125_115028857.jpg,-17.5,train,3472,4624,0,903,2973,4098,1408.8,2500.5,300.0,2334.2,1475.33,manual,gauge_1_batch_2.zip,
ml/data/raw/PXL_20260125_114944228.jpg,-17.5,train,3472,4624,76,1012,2928,3875,1558.5,2445.1,593.8,2428.4,1298.83,manual,gauge_1_batch_2.zip,
ml/data/raw/PXL_20260125_114949989.jpg,-17.5,train,3472,4624,0,744,3196,4153,1547.4,2478.3,410.8,2389.6,1545.49,manual,gauge_1_batch_2.zip,
ml/data/raw/PXL_20260125_115130654.jpg,-17.5,train,3472,4624,184,1303,2042,3126,1120.0,2224.5,680.7,1791.0,836.605,manual,gauge_1_batch_2.zip,
ml/data/raw/PXL_20260125_115038687.jpg,-17.5,train,3472,4624,0,1306,2948,4339,1503.1,2816.5,438.6,2755.6,1379.23,manual,gauge_1_batch_2.zip,
ml/data/raw/PXL_20260125_114908265.jpg,-17.5,train,3472,4624,204,422,3173,3547,1839.7,2017.4,736.5,2015.1,1384.845,manual,gauge_1_batch_1.zip,
ml/data/raw/PXL_20260125_114845174.jpg,-17.5,train,3472,4624,0,760,3037,4054,1677.0,2371.6,530.7,2441.1,1452.92,manual,gauge_1_batch_1.zip,
ml/data/raw/PXL_20260125_115007049.jpg,-17.5,train,3472,4624,304,952,2859,4230,1381.1,2478.3,671.4,2506.1,1325.65,manual,gauge_1_batch_2.zip,
ml/data/raw/PXL_20260125_114941106.jpg,-17.5,train,3472,4624,0,431,3338,4057,1625.1,2267.7,355.4,2223.3,1656.2350000000001,manual,gauge_1_batch_2.zip,
ml/data/raw/PXL_20260125_114851923.jpg,-17.5,train,3472,4624,0,264,3160,3102,1619.51,2012.61,497.1,1981.5,1386.58,manual,gauge_1_batch_1.zip,
ml/data/raw/PXL_20260125_114936296.jpg,-17.5,train,3472,4624,281,895,3046,3727,1697.1,2334.2,743.5,2239.9,1272.115,manual,gauge_1_batch_2.zip,
ml/data/raw/PXL_20260125_114926493.jpg,-17.5,train,3472,4624,0,1072,2831,3919,1464.3,2583.7,449.7,2544.9,1297.65,manual,gauge_1_batch_2.zip,
ml/data/raw/PXL_20260125_114959197.jpg,-17.5,train,3472,4624,0,1388,2778,3886,1408.8,2445.1,488.5,2339.7,1212.9299999999998,manual,gauge_1_batch_2.zip,
ml/data/raw/PXL_20260125_114857049.jpg,-17.5,train,3472,4624,269,752,2776,3210,1542.9,2022.2,698.2,1962.4,1128.37,manual,gauge_1_batch_1.zip,
ml/data/raw/PXL_20260125_114912923.jpg,-17.5,train,3472,4624,500,1140,2642,3658,1636.1,2262.1,760.1,2178.9,1059.22,manual,gauge_1_batch_2.zip,
ml/data/raw/PXL_20260125_114913726.jpg,-17.5,train,3472,4624,550,1001,2409,3575,1530.8,2140.1,654.8,2095.8,1007.4200000000001,manual,gauge_1_batch_2.zip,
ml/data/raw/PXL_20260125_115121320.jpg,-17.5,train,3472,4624,20,1100,2191,3648,1264.7,2456.2,521.7,2023.7,1072.2649999999999,manual,gauge_1_batch_2.zip,
ml/data/raw/PXL_20260125_114925061.jpg,-17.5,train,3472,4624,354,935,2823,3541,1492.0,2234.4,721.3,2195.6,1153.645,manual,gauge_1_batch_2.zip,
ml/data/raw/PXL_20260125_114843309.jpg,-17.5,train,3472,4624,73,1007,3205,4044,1662.6,2371.6,592.9,2383.6,1401.9499999999998,manual,gauge_1_batch_1.zip,
ml/data/raw/PXL_20260125_114859876.jpg,-17.5,train,3472,4624,33,258,3472,3880,1811.0,2127.5,602.5,2077.3,1637.645,manual,gauge_1_batch_1.zip,
ml/data/raw/PXL_20260125_114844155.jpg,-17.5,train,3472,4624,212,1027,3017,4025,1657.8,2342.9,645.5,2350.1,1318.845,manual,gauge_1_batch_1.zip,
ml/data/raw/PXL_20260125_115123844.jpg,-17.5,train,3472,4624,281,1249,2561,3468,1458.7,2391.4,891.8,1854.8,1022.52,manual,gauge_1_batch_2.zip,
ml/data/raw/PXL_20260125_114901695.jpg,-17.5,train,3472,4624,266,1288,3168,3762,1710.5,2319.0,750.8,2326.2,1221.915,manual,gauge_1_batch_1.zip,
ml/data/raw/PXL_20260125_114922671.jpg,-17.5,train,3472,4624,294,900,3060,3718,1669.4,2278.7,749.0,2156.8,1268.97,manual,gauge_1_batch_2.zip,
ml/data/raw/PXL_20260125_114842502.jpg,-17.5,train,3472,4624,360,1187,3318,4120,1863.6,2591.8,841.8,2532.0,1339.105,manual,gauge_1_batch_1.zip,
ml/data/raw/PXL_20260125_114924323.jpg,-17.5,val,3472,4624,368,1012,2885,3605,1558.5,2289.8,765.7,2217.8,1161.6799999999998,manual,gauge_1_batch_2.zip,
ml/data/raw/PXL_20260125_114909671.jpg,-17.5,val,3472,4624,74,697,2477,3413,1458.73,2062.51,538.36,2134.59,1163.325,manual,gauge_1_batch_2.zip,
ml/data/raw/PXL_20260125_114954780.jpg,-17.5,val,3472,4624,0,1032,2684,3975,1453.2,2483.9,388.7,2472.8,1318.255,manual,gauge_1_batch_2.zip,
ml/data/raw/PXL_20260125_114915707.jpg,-17.5,val,3472,4624,0,598,3289,3664,1580.7,2411.8,305.5,2378.5,1518.255,manual,gauge_1_batch_2.zip,
ml/data/raw/PXL_20260125_115025538.jpg,-17.5,val,3472,4624,95,973,3179,4009,1669.4,2522.7,610.4,2384.1,1390.895,manual,gauge_1_batch_2.zip,
ml/data/raw/PXL_20260125_114923491.jpg,-17.5,val,3472,4624,166,913,2748,3555,1492.0,2167.9,632.6,2073.6,1187.05,manual,gauge_1_batch_2.zip,
ml/data/raw/PXL_20260125_114845992.jpg,-17.5,test,3472,4624,276,790,2899,3887,1811.0,2328.5,808.3,2402.8,1299.82,manual,gauge_1_batch_1.zip,
ml/data/raw/PXL_20260125_114847037.jpg,-17.5,test,3472,4624,350,797,3472,4145,1830.1,2433.8,827.4,2359.7,1513.42,manual,gauge_1_batch_1.zip,
ml/data/raw/PXL_20260125_115127422.jpg,-17.5,test,3472,4624,508,1151,1738,2692,1164.2,1895.6,744.5,1619.2,629.72,manual,gauge_1_batch_2.zip,
ml/data/raw/PXL_20260125_114901412.jpg,-17.5,test,3472,4624,227,1234,3227,3779,1700.9,2299.8,746.1,2307.0,1260.105,manual,gauge_1_batch_1.zip,
ml/data/raw/PXL_20260125_114850916.jpg,-17.5,test,3472,4624,0,34,2891,3151,1428.0,1854.6,286.5,1885.8,1426.8400000000001,manual,gauge_1_batch_1.zip,
ml/data/raw/PXL_20260125_114911288.jpg,-17.5,test,3472,4624,52,918,2381,3541,1408.8,2245.5,494.0,2267.7,1125.44,manual,gauge_1_batch_2.zip,
ml/data/raw/PXL_20260125_114914961.jpg,-17.5,test,3472,4624,109,669,3470,3800,1841.3,2439.5,671.4,2378.5,1475.645,manual,gauge_1_batch_2.zip,
ml/data/raw/PXL_20260125_114925728.jpg,-17.5,test,3472,4624,132,991,2663,3634,1519.7,2339.7,616.0,2273.2,1175.76,manual,gauge_1_batch_2.zip,
ml/data/raw/PXL_20260125_115120953.jpg,-7.5,train,3472,4624,107,1108,2230,3598,1325.7,2445.1,627.1,2029.2,1048.3600000000001,manual,gauge_1_batch_2.zip,
ml/data/raw/PXL_20260125_115113912.jpg,-7.5,train,3472,4624,67,1073,3072,4087,1619.5,2561.5,798.9,1962.7,1368.145,manual,gauge_1_batch_2.zip,
ml/data/raw/PXL_20260125_115147221.jpg,-7.5,train,3472,4624,459,1174,2143,2811,1348.1,2047.1,916.1,1654.4,754.7349999999999,manual,gauge_1_batch_3.zip,
ml/data/raw/PXL_20260125_115200940.jpg,-7.5,train,3472,4624,223,1130,2596,3789,1485.5,2302.4,862.1,1806.6,1143.575,manual,gauge_1_batch_3.zip,
ml/data/raw/PXL_20260125_115144597.jpg,-7.5,train,3472,4624,542,1126,2551,3188,1569.0,2184.55,1048.68,1728.04,925.31,manual,gauge_1_batch_3.zip,
ml/data/raw/PXL_20260125_115127962.jpg,-7.5,train,3472,4624,325,1030,1994,2644,1174.0,1822.0,754.3,1467.0,746.2049999999999,manual,gauge_1_batch_2.zip,
ml/data/raw/PXL_20260125_115118563.jpg,-7.5,train,3472,4624,0,1094,2613,3676,1392.2,2284.3,693.6,1746.5,1187.565,manual,gauge_1_batch_2.zip,
ml/data/raw/PXL_20260125_115243334.jpg,-7.5,train,3472,4624,673,1180,2061,2584,1397.2,1890.0,1122.3,1531.7,634.4449999999999,manual,gauge_1_batch_3.zip,
ml/data/raw/PXL_20260125_115117057.jpg,-7.5,train,3472,4624,229,948,2995,3922,1469.8,2422.9,815.6,1835.2,1304.5349999999999,manual,gauge_1_batch_2.zip,
ml/data/raw/PXL_20260125_115122663.jpg,-7.5,train,3472,4624,124,1082,2421,3681,1370.4,2494.5,661.1,1987.3,1112.665,manual,gauge_1_batch_2.zip,
ml/data/raw/PXL_20260125_115242004.jpg,-7.5,train,3472,4624,890,1297,2257,2609,1583.7,1953.8,1299.0,1649.5,608.7,manual,gauge_1_batch_3.zip,
ml/data/raw/PXL_20260125_115143850.jpg,-7.5,train,3472,4624,616,1053,2854,3336,1748.3,2209.8,1156.9,1707.5,1027.63,manual,gauge_1_batch_2.zip,
ml/data/raw/PXL_20260125_115150984.jpg,-7.5,train,3472,4624,482,1087,2194,2712,1387.4,1934.2,980.0,1556.2,758.425,manual,gauge_1_batch_3.zip,
ml/data/raw/PXL_20260125_115129858.jpg,-7.5,train,3472,4624,229,1155,2168,3119,1188.7,2160.7,744.5,1683.0,887.21,manual,gauge_1_batch_2.zip,
ml/data/raw/PXL_20260125_115200210.jpg,-7.5,train,3472,4624,0,607,2914,3447,1549.4,2096.2,778.7,1467.9,1309.415,manual,gauge_1_batch_3.zip,
ml/data/raw/PXL_20260125_115145405.jpg,-7.5,train,3472,4624,626,1303,2457,3144,1593.5,2292.5,1107.6,1855.7,834.5250000000001,manual,gauge_1_batch_3.zip,
ml/data/raw/PXL_20260125_115208285.jpg,-7.5,train,3472,4624,393,1097,2958,4273,1480.6,2587.1,984.9,2022.6,1304.645,manual,gauge_1_batch_3.zip,
ml/data/raw/PXL_20260125_115159520.jpg,-7.5,train,3472,4624,0,504,3035,3663,1534.6,2179.6,675.6,1472.8,1435.81,manual,gauge_1_batch_3.zip,
ml/data/raw/PXL_20260125_115149366.jpg,-7.5,train,3472,4624,575,1057,2184,2898,1338.3,2002.9,965.2,1580.8,784.16,manual,gauge_1_batch_3.zip,
ml/data/raw/PXL_20260125_115129083.jpg,-7.5,train,3472,4624,339,963,2100,2968,1169.1,1974.2,788.7,1525.9,856.005,manual,gauge_1_batch_2.zip,
ml/data/raw/PXL_20260125_115119325.jpg,-7.5,train,3472,4624,95,1051,2365,3677,1419.9,2356.4,738.0,1801.9,1112.74,manual,gauge_1_batch_2.zip,
ml/data/raw/PXL_20260125_115116424.jpg,-7.5,train,3472,4624,204,867,3122,3907,1547.4,2373.0,832.2,1790.8,1354.0500000000002,manual,gauge_1_batch_2.zip,
ml/data/raw/PXL_20260125_115120449.jpg,-7.5,train,3472,4624,238,1232,2384,3755,1453.2,2556.0,804.5,2129.0,1061.125,manual,gauge_1_batch_2.zip,
ml/data/raw/PXL_20260125_115124744.jpg,-7.5,train,3472,4624,0,783,3323,4405,1601.1,2676.1,641.4,1815.5,1657.975,manual,gauge_1_batch_2.zip,
ml/data/raw/PXL_20260125_115207208.jpg,-7.5,train,3472,4624,183,1388,3135,3852,1510.1,2503.6,975.0,2007.8,1231.0500000000002,manual,gauge_1_batch_3.zip,
ml/data/raw/PXL_20260125_115148744.jpg,-7.5,train,3472,4624,662,1118,2303,2803,1470.8,2007.8,1097.8,1585.7,755.95,manual,gauge_1_batch_3.zip,
ml/data/raw/PXL_20260125_115119880.jpg,-7.5,train,3472,4624,127,1062,2716,3870,1591.8,2456.2,804.5,1862.9,1226.63,manual,gauge_1_batch_2.zip,
ml/data/raw/PXL_20260125_115115395.jpg,-7.5,train,3472,4624,444,1172,3162,3977,1719.3,2550.4,1054.0,1984.9,1255.185,manual,gauge_1_batch_2.zip,
ml/data/raw/PXL_20260125_115204481.jpg,-7.5,train,3472,4624,0,1363,2870,3832,1357.9,2425.1,788.5,2027.5,1213.495,manual,gauge_1_batch_3.zip,
ml/data/raw/PXL_20260125_115222662.jpg,-7.5,train,3472,4624,130,1281,3321,4510,1765.3,2862.0,1024.1,2130.6,1459.135,manual,gauge_1_batch_3.zip,
ml/data/raw/PXL_20260125_115148055.jpg,-7.5,train,3472,4624,609,1237,2234,2895,1421.7,2110.9,1034.0,1708.4,746.175,manual,gauge_1_batch_3.zip,
ml/data/raw/PXL_20260125_115143033.jpg,-7.5,train,3472,4624,551,738,2863,3126,1718.9,1974.2,1132.3,1447.4,1067.95,manual,gauge_1_batch_2.zip,
ml/data/raw/PXL_20260125_115126158.jpg,-7.5,val,3472,4624,525,1536,1892,2982,1257.5,2268.7,911.5,1928.4,638.9549999999999,manual,gauge_1_batch_2.zip,
ml/data/raw/PXL_20260125_115240763.jpg,-7.5,val,3472,4624,836,1178,2262,2576,1539.6,1880.2,1220.5,1580.8,641.835,manual,gauge_1_batch_3.zip,
ml/data/raw/PXL_20260125_115146294.jpg,-7.5,val,3472,4624,605,1259,2306,2922,1490.5,2130.6,1048.68,1728.04,764.585,manual,gauge_1_batch_3.zip,
ml/data/raw/PXL_20260125_115150021.jpg,-7.5,val,3472,4624,446,1036,2136,2807,1249.9,1978.4,837.6,1580.8,786.61,manual,gauge_1_batch_3.zip,
ml/data/raw/PXL_20260125_115218666.jpg,-7.5,val,3472,4624,0,720,3322,4419,1569.0,2493.8,719.8,1664.2,1680.0349999999999,manual,gauge_1_batch_3.zip,
ml/data/raw/PXL_20260125_115126899.jpg,-7.5,val,3472,4624,450,1277,1736,2748,1154.4,2008.5,754.3,1683.0,626.65,manual,gauge_1_batch_2.zip,
ml/data/raw/PXL_20260125_115201566.jpg,-7.5,test,3472,4624,0,1513,2502,3900,1264.7,2508.5,641.3,2047.1,1147.425,manual,gauge_1_batch_3.zip,
ml/data/raw/PXL_20260125_115122110.jpg,-7.5,test,3472,4624,0,1074,2275,3668,1229.1,2463.6,491.9,1971.8,1123.2800000000002,manual,gauge_1_batch_2.zip,
ml/data/raw/PXL_20260125_115209157.jpg,-7.5,test,3472,4624,315,1810,3089,4104,1618.1,2783.4,1215.6,2346.5,1151.9,manual,gauge_1_batch_3.zip,
ml/data/raw/PXL_20260125_115117933.jpg,-7.5,test,3472,4624,45,1161,2716,3559,1425.5,2234.4,754.6,1757.6,1152.23,manual,gauge_1_batch_2.zip,
ml/data/raw/PXL_20260125_115237147.jpg,-7.5,test,3472,4624,466,1008,3069,3562,1789.9,2336.7,1117.4,1762.4,1171.975,manual,gauge_1_batch_3.zip,
ml/data/raw/PXL_20260125_115128514.jpg,-7.5,test,3472,4624,433,877,2266,2784,1336.0,1826.9,911.4,1417.9,850.05,manual,gauge_1_batch_2.zip,
ml/data/raw/PXL_20260125_115239306.jpg,-7.5,test,3472,4624,858,1246,2240,2612,1578.8,1963.7,1240.1,1649.5,624.6500000000001,manual,gauge_1_batch_3.zip,
ml/data/raw/PXL_20260125_115125409.jpg,-7.5,test,3472,4624,0,606,3222,4039,1625.6,2357.0,715.1,1545.5,1559.9450000000002,manual,gauge_1_batch_2.zip,
ml/data/raw/PXL_20260125_115343103.jpg,5.0,train,3472,4624,1025,1374,2613,2930,1819.3,2209.1,1750.6,1659.3,714.235,manual,gauge_1_batch_3.zip,
ml/data/raw/PXL_20260125_115344301.jpg,5.0,train,3472,4624,869,1234,2391,2741,1662.3,2007.8,1539.5,1487.5,688.4749999999999,manual,gauge_1_batch_3.zip,
ml/data/raw/PXL_20260125_115357253.jpg,5.0,train,3472,4624,979,1207,2605,2837,1799.7,2037.3,1721.2,1463.0,739.985,manual,gauge_1_batch_4.zip,
ml/data/raw/PXL_20260125_115334678.jpg,5.0,train,3472,4624,841,879,2656,3113,1632.8,2066.7,1500.3,1340.3,920.115,manual,gauge_1_batch_3.zip,
ml/data/raw/PXL_20260125_115406833.jpg,5.0,train,3472,4624,511,1117,3211,3860,1883.2,2513.4,1667.2,1605.3,1237.04,manual,gauge_1_batch_4.zip,
ml/data/raw/PXL_20260125_115421648.jpg,5.0,train,3472,4624,1091,1440,2202,3688,1569.0,2518.3,1613.2,1782.0,763.65,manual,gauge_1_batch_4.zip,
ml/data/raw/PXL_20260125_115326987.jpg,5.0,train,3472,4624,533,1061,2914,3621,1613.2,2292.5,1377.6,1512.1,1122.87,manual,gauge_1_batch_3.zip,
ml/data/raw/PXL_20260125_115323990.jpg,5.0,train,3472,4624,175,1404,2761,3921,1529.7,2650.9,1269.6,1860.6,1159.69,manual,gauge_1_batch_3.zip,
ml/data/raw/PXL_20260125_115355557.jpg,5.0,train,3472,4624,911,1406,2574,3075,1775.2,2258.2,1667.2,1629.9,757.165,manual,gauge_1_batch_4.zip,
ml/data/raw/PXL_20260125_115356240.jpg,5.0,train,3472,4624,1075,1227,2705,2847,1907.7,2071.6,1834.1,1526.8,738.76,manual,gauge_1_batch_4.zip,
ml/data/raw/PXL_20260125_115433668.jpg,5.0,train,3472,4624,233,1505,2733,4021,1519.9,2749.1,1303.9,1948.9,1140.0900000000001,manual,gauge_1_batch_4.zip,
ml/data/raw/PXL_20260125_115330301.jpg,5.0,train,3472,4624,311,1500,2611,3633,1500.3,2454.5,1348.1,1870.4,1007.51,manual,gauge_1_batch_3.zip,
ml/data/raw/PXL_20260125_115429504.jpg,5.0,train,3472,4624,0,1425,2646,4077,1338.3,2704.9,1141.9,1831.1,1216.135,manual,gauge_1_batch_4.zip,
ml/data/raw/PXL_20260125_115413920.jpg,5.0,train,3472,4624,683,1672,2665,3368,1677.0,2430.0,1544.5,1968.6,835.74,manual,gauge_1_batch_4.zip,
ml/data/raw/PXL_20260125_115324736.jpg,5.0,train,3472,4624,258,1582,2796,4190,1593.5,2842.3,1362.8,2002.9,1169.5,manual,gauge_1_batch_3.zip,
ml/data/raw/PXL_20260125_115332945.jpg,5.0,train,3472,4624,40,894,2500,2619,1348.1,1924.4,1102.7,1276.4,951.3,manual,gauge_1_batch_3.zip,
ml/data/raw/PXL_20260125_115410910.jpg,5.0,train,3472,4624,622,1513,2323,3527,1578.8,2542.9,1470.8,1899.8,844.3199999999999,manual,gauge_1_batch_4.zip,
ml/data/raw/PXL_20260125_115345639.jpg,5.0,train,3472,4624,619,972,2660,3003,1672.1,2032.4,1505.2,1355.0,925.31,manual,gauge_1_batch_3.zip,
ml/data/raw/PXL_20260125_115408380.jpg,5.0,train,3472,4624,770,1709,2456,3536,1677.0,2616.5,1559.2,2047.1,798.36,manual,gauge_1_batch_4.zip,
ml/data/raw/PXL_20260125_115354208.jpg,5.0,train,3472,4624,1117,1398,3066,3348,2079.51,2385.81,1922.43,1703.5,886.03,manual,gauge_1_batch_4.zip,
ml/data/raw/PXL_20260125_115350771.jpg,5.0,train,3472,4624,645,1319,2610,3241,1637.7,2302.4,1465.9,1688.8,883.5699999999999,manual,gauge_1_batch_3.zip,
ml/data/raw/PXL_20260125_115346411.jpg,5.0,train,3472,4624,503,1163,2787,3431,1672.1,2346.5,1461.0,1595.5,1034.5349999999999,manual,gauge_1_batch_3.zip,
ml/data/raw/PXL_20260125_115417966.jpg,5.0,train,3472,4624,417,2167,2906,3355,1681.9,2857.0,1564.1,2371.1,835.69,manual,gauge_1_batch_4.zip,
ml/data/raw/PXL_20260125_115344951.jpg,5.0,train,3472,4624,806,1123,2366,2705,1618.1,1948.9,1500.3,1379.5,714.235,manual,gauge_1_batch_3.zip,
ml/data/raw/PXL_20260125_115323183.jpg,5.0,train,3472,4624,402,1366,2627,3591,1569.0,2479.1,1357.9,1762.4,1011.21,manual,gauge_1_batch_3.zip,
ml/data/raw/PXL_20260125_115336256.jpg,5.0,train,3472,4624,792,1072,2450,3187,1534.6,2164.9,1372.7,1458.1,857.5450000000001,manual,gauge_1_batch_3.zip,
ml/data/raw/PXL_20260125_115538083.jpg,5.0,train,3472,4624,357,1467,2878,3637,1652.5,2405.4,1888.1,1836.0,1066.41,manual,gauge_1_batch_4.zip,
ml/data/raw/PXL_20260125_115335432.jpg,5.0,train,3472,4624,785,1078,2453,3195,1549.4,2238.5,1382.5,1467.9,860.22,manual,gauge_1_batch_3.zip,
ml/data/raw/PXL_20260125_115334057.jpg,5.0,train,3472,4624,925,1034,2643,3225,1711.4,2204.2,1505.2,1507.2,888.315,manual,gauge_1_batch_3.zip,
ml/data/raw/PXL_20260125_115343746.jpg,5.0,val,3472,4624,806,1160,2518,2840,1667.2,2032.4,1569.0,1413.9,770.715,manual,gauge_1_batch_3.zip,
ml/data/raw/PXL_20260125_115331993.jpg,5.0,val,3472,4624,201,1055,2472,2823,1421.7,2076.6,1191.0,1433.5,917.88,manual,gauge_1_batch_3.zip,
ml/data/raw/PXL_20260125_115349576.jpg,5.0,val,3472,4624,160,1162,2860,3834,1534.6,2547.8,1289.2,1693.7,1221.06,manual,gauge_1_batch_3.zip,
ml/data/raw/PXL_20260125_115325972.jpg,5.0,val,3472,4624,377,1210,3114,3855,1750.6,2464.3,1490.5,1674.0,1223.515,manual,gauge_1_batch_3.zip,
ml/data/raw/PXL_20260125_115354940.jpg,5.0,val,3472,4624,952,1368,2809,3236,1902.8,2322.0,1760.4,1683.9,846.75,manual,gauge_1_batch_4.zip,
ml/data/raw/PXL_20260125_115329709.jpg,5.0,val,3472,4624,414,1349,2493,3353,1505.2,2302.4,1362.8,1693.7,927.76,manual,gauge_1_batch_3.zip,
ml/data/raw/PXL_20260125_115328820.jpg,5.0,test,3472,4624,429,1052,2438,3115,1465.9,2110.9,1269.6,1477.7,925.31,manual,gauge_1_batch_3.zip,
ml/data/raw/PXL_20260125_115327587.jpg,5.0,test,3472,4624,562,781,3051,3572,1642.6,2199.3,1421.7,1374.6,1200.2,manual,gauge_1_batch_3.zip,
ml/data/raw/PXL_20260125_115325407.jpg,5.0,test,3472,4624,0,1375,2501,3950,1249.9,2557.6,994.7,1855.7,1173.2,manual,gauge_1_batch_3.zip,
ml/data/raw/PXL_20260125_115326457.jpg,5.0,test,3472,4624,812,1235,3472,3864,2074.6,2503.6,1843.9,1752.6,1212.46,manual,gauge_1_batch_3.zip,
ml/data/raw/PXL_20260125_115357834.jpg,5.0,test,3472,4624,931,1135,2648,2825,1814.4,2017.6,1740.8,1394.2,774.35,manual,gauge_1_batch_4.zip,
ml/data/raw/PXL_20260125_115404470.jpg,5.0,test,3472,4624,303,1036,3251,3990,1780.1,2503.6,1583.7,1551.3,1341.35,manual,gauge_1_batch_4.zip,
ml/data/raw/PXL_20260125_115328247.jpg,5.0,test,3472,4624,8,824,2491,3313,1269.6,2101.1,1038.9,1291.2,1130.26,manual,gauge_1_batch_3.zip,
ml/data/raw/PXL_20260125_115626909.jpg,15.0,train,3472,4624,332,1072,2869,3571,1618.1,2356.4,1927.3,1575.9,1144.92,manual,gauge_1_batch_5.zip,
ml/data/raw/PXL_20260125_115603764.jpg,15.0,train,3472,4624,692,838,2528,2695,1627.9,1831.1,1839.0,1256.8,839.37,manual,gauge_1_batch_4.zip,
ml/data/raw/PXL_20260125_115618539.jpg,15.0,train,3472,4624,1038,1766,2674,3343,1853.7,2562.5,2040.2,2106.0,730.165,manual,gauge_1_batch_5.zip,
ml/data/raw/PXL_20260125_115638675.jpg,15.0,train,3472,4624,1190,1502,2762,3230,1893.0,2366.2,2094.2,1816.4,749.78,manual,gauge_1_batch_5.zip,
ml/data/raw/PXL_20260125_115632590.jpg,15.0,train,3472,4624,776,1342,2985,3832,1740.8,2552.7,2050.1,1796.8,1067.95,manual,gauge_1_batch_5.zip,
ml/data/raw/PXL_20260125_115541834.jpg,15.0,train,3472,4624,264,1207,1848,3552,1186.1,2395.6,1303.9,1679.0,893.145,manual,gauge_1_batch_4.zip,
ml/data/raw/PXL_20260125_115659911.jpg,15.0,train,3472,4624,388,1499,2921,4150,1598.5,2837.4,1937.2,2022.6,1178.085,manual,gauge_1_batch_5.zip,
ml/data/raw/PXL_20260125_115609819.jpg,15.0,train,3472,4624,888,1931,2529,3546,1721.2,2744.1,1907.7,2263.1,740.025,manual,gauge_1_batch_4.zip,
ml/data/raw/PXL_20260125_115539763.jpg,15.0,train,3472,4624,1171,1462,2585,3946,1735.9,2665.6,1971.5,1860.6,886.035,manual,gauge_1_batch_4.zip,
ml/data/raw/PXL_20260125_115552985.jpg,15.0,train,3472,4624,457,1231,2293,3024,1426.7,2120.7,1598.5,1580.8,824.6800000000001,manual,gauge_1_batch_4.zip,
ml/data/raw/PXL_20260125_115545411.jpg,15.0,train,3472,4624,396,2007,2545,3805,1485.6,2758.9,1711.4,2307.3,897.09,manual,gauge_1_batch_4.zip,
ml/data/raw/PXL_20260125_115543576.jpg,15.0,train,3472,4624,300,1515,2136,3545,1333.4,2542.9,1461.0,1934.2,878.6700000000001,manual,gauge_1_batch_4.zip,
ml/data/raw/PXL_20260125_115544186.jpg,15.0,train,3472,4624,411,1880,2506,3921,1490.5,2788.3,1672.1,2243.5,940.015,manual,gauge_1_batch_4.zip,
ml/data/raw/PXL_20260125_115652848.jpg,15.0,train,3472,4624,340,1497,3077,4148,1701.5,2822.7,2010.8,1958.8,1224.685,manual,gauge_1_batch_5.zip,
ml/data/raw/PXL_20260125_115611830.jpg,15.0,train,3472,4624,922,1584,2515,3172,1716.3,2400.5,1942.1,1894.9,722.815,manual,gauge_1_batch_4.zip,
ml/data/raw/PXL_20260125_115544803.jpg,15.0,train,3472,4624,459,2024,2560,3914,1529.7,2852.1,1740.8,2371.1,906.915,manual,gauge_1_batch_4.zip,
ml/data/raw/PXL_20260125_115546842.jpg,15.0,train,3472,4624,371,1369,2320,3259,1382.5,2361.3,1569.0,1782.0,872.525,manual,gauge_1_batch_4.zip,
ml/data/raw/PXL_20260125_115541259.jpg,15.0,train,3472,4624,169,1056,1795,3356,1122.3,2233.6,1215.6,1556.2,892.17,manual,gauge_1_batch_4.zip,
ml/data/raw/PXL_20260125_115539262.jpg,15.0,train,3472,4624,864,1370,2754,3744,1686.8,2488.9,1942.1,1723.1,969.05,manual,gauge_1_batch_4.zip,
ml/data/raw/PXL_20260125_115607703.jpg,15.0,train,3472,4624,1015,2495,2554,4023,1775.2,3254.7,1986.2,2793.2,697.0450000000001,manual,gauge_1_batch_4.zip,
ml/data/raw/PXL_20260125_115605315.jpg,15.0,train,3472,4624,517,916,2871,3260,1706.4,2145.3,2005.9,1428.6,1067.665,manual,gauge_1_batch_4.zip,
ml/data/raw/PXL_20260125_115554156.jpg,15.0,train,3472,4624,477,1372,2351,3187,1441.4,2272.9,1637.7,1718.2,838.1700000000001,manual,gauge_1_batch_4.zip,
ml/data/raw/PXL_20260125_115538761.jpg,15.0,train,3472,4624,601,1393,2686,3760,1510.1,2474.2,1789.9,1757.5,1011.51,manual,gauge_1_batch_4.zip,
ml/data/raw/PXL_20260125_115547414.jpg,15.0,train,3472,4624,458,1469,2316,3262,1416.8,2405.4,1603.4,1826.2,829.5699999999999,manual,gauge_1_batch_4.zip,
ml/data/raw/PXL_20260125_115608397.jpg,15.0,train,3472,4624,956,2347,2501,3839,1731.0,3117.2,1932.2,2621.4,690.2,manual,gauge_1_batch_4.zip,
ml/data/raw/PXL_20260125_115635063.jpg,15.0,train,3472,4624,1148,1584,2633,3274,1829.2,2425.1,2005.9,1904.8,721.565,manual,gauge_1_batch_5.zip,
ml/data/raw/PXL_20260125_115617076.jpg,15.0,train,3472,4624,1036,1718,2656,3327,1819.3,2582.2,2020.6,2037.3,733.835,manual,gauge_1_batch_5.zip,
ml/data/raw/PXL_20260125_115610360.jpg,15.0,train,3472,4624,873,1607,2569,3276,1721.2,2449.6,1922.4,1968.6,764.575,manual,gauge_1_batch_4.zip,
ml/data/raw/PXL_20260125_115537100.jpg,15.0,train,3472,4624,357,1233,2819,3679,1618.1,2415.3,1878.3,1713.3,1115.525,manual,gauge_1_batch_4.zip,
ml/data/raw/PXL_20260125_115551028.jpg,15.0,train,3472,4624,293,1361,2177,3203,1249.9,2258.2,1451.2,1713.3,846.755,manual,gauge_1_batch_4.zip,
ml/data/raw/PXL_20260125_115609083.jpg,15.0,train,3472,4624,912,2141,2500,3724,1701.5,2935.6,1902.8,2454.5,720.3599999999999,manual,gauge_1_batch_4.zip,
ml/data/raw/PXL_20260125_115647174.jpg,15.0,val,3472,4624,948,1468,2724,3180,1819.3,2341.6,1986.2,1777.1,792.775,manual,gauge_1_batch_5.zip,
ml/data/raw/PXL_20260125_115537581.jpg,15.0,val,3472,4624,439,1289,2934,3692,1721.2,2400.5,1981.3,1786.9,1113.08,manual,gauge_1_batch_4.zip,
ml/data/raw/PXL_20260125_115546076.jpg,15.0,val,3472,4624,477,1196,2400,3113,1470.8,2174.7,1647.5,1575.9,872.5350000000001,manual,gauge_1_batch_4.zip,
ml/data/raw/PXL_20260125_115551677.jpg,15.0,val,3472,4624,450,1363,2334,3269,1416.8,2322.0,1627.9,1767.3,861.4949999999999,manual,gauge_1_batch_4.zip,
ml/data/raw/PXL_20260125_115554764.jpg,15.0,val,3472,4624,489,1340,2324,3165,1436.5,2268.0,1618.1,1742.8,832.05,manual,gauge_1_batch_4.zip,
ml/data/raw/PXL_20260125_115540293.jpg,15.0,val,3472,4624,981,1326,2245,3837,1490.5,2557.6,1672.1,1733.0,857.81,manual,gauge_1_batch_4.zip,
ml/data/raw/PXL_20260125_115536463.jpg,15.0,test,3472,4624,410,1005,2791,3348,1657.4,2209.1,1907.7,1458.1,1073.825,manual,gauge_1_batch_4.zip,
ml/data/raw/PXL_20260125_115610974.jpg,15.0,test,3472,4624,965,1583,2623,3203,1804.6,2425.1,2015.7,1899.8,744.925,manual,gauge_1_batch_4.zip,
ml/data/raw/PXL_20260125_115552259.jpg,15.0,test,3472,4624,565,1249,2385,3074,1505.2,2160.0,1691.7,1580.8,828.36,manual,gauge_1_batch_4.zip,
ml/data/raw/PXL_20260125_115629884.jpg,15.0,test,3472,4624,477,1347,2793,3669,1647.5,2513.4,1937.2,1786.9,1054.1399999999999,manual,gauge_1_batch_5.zip,
ml/data/raw/PXL_20260125_115535839.jpg,15.0,test,3472,4624,209,918,2801,3455,1544.5,2238.5,1814.4,1428.6,1165.81,manual,gauge_1_batch_4.zip,
ml/data/raw/PXL_20260125_115612552.jpg,15.0,test,3472,4624,901,1526,2526,3156,1721.2,2361.3,1937.2,1855.7,740.025,manual,gauge_1_batch_4.zip,
ml/data/raw/PXL_20260125_115615761.jpg,15.0,test,3472,4624,1028,1624,2600,3201,1804.62,2449.62,2020.6,1929.3,715.435,manual,gauge_1_batch_5.zip,
ml/data/raw/PXL_20260125_115542831.jpg,15.0,test,3472,4624,433,1365,1696,3353,1146.9,2385.8,1264.7,1742.8,738.705,manual,gauge_1_batch_4.zip,
ml/data/raw/PXL_20260125_115800564.jpg,26.5,train,3472,4624,794,2325,2457,3977,1613.2,3146.7,2064.8,2837.4,753.46,manual,gauge_1_batch_5.zip,
ml/data/raw/PXL_20260125_115823372.jpg,26.5,train,3472,4624,526,1179,2734,3361,1642.6,2326.9,2285.7,1948.9,997.675,manual,gauge_1_batch_5.zip,
ml/data/raw/PXL_20260125_115743603.jpg,26.5,train,3472,4624,303,1535,2398,3182,1387.4,2459.4,1947.0,2120.7,850.405,manual,gauge_1_batch_5.zip,
ml/data/raw/PXL_20260125_115835956.jpg,26.5,train,3472,4624,24,1499,2367,3821,1191.0,2641.1,1760.4,2169.8,1060.25,manual,gauge_1_batch_5.zip,
ml/data/raw/PXL_20260125_115738263.jpg,26.5,train,3472,4624,664,1467,2710,3831,1583.7,2592.0,2202.2,2086.4,1002.2950000000001,manual,gauge_1_batch_5.zip,
ml/data/raw/PXL_20260125_115802215.jpg,26.5,train,3472,4624,705,1081,2697,3052,1711.4,2091.3,2275.9,1737.9,900.76,manual,gauge_1_batch_5.zip,
ml/data/raw/PXL_20260125_115811049.jpg,26.5,train,3472,4624,860,2174,2366,3637,1613.2,2911.0,2005.9,2700.0,674.9549999999999,manual,gauge_1_batch_5.zip,
ml/data/raw/PXL_20260125_115742126.jpg,26.5,train,3472,4624,542,1606,2664,3415,1623.0,2606.7,2212.0,2228.7,893.385,manual,gauge_1_batch_5.zip,
ml/data/raw/PXL_20260125_115740763.jpg,26.5,train,3472,4624,634,1760,2603,3953,1544.5,2793.2,2138.4,2356.4,945.9200000000001,manual,gauge_1_batch_5.zip,
ml/data/raw/PXL_20260125_115803016.jpg,26.5,train,3472,4624,795,1313,2593,3138,1652.4,2253.3,2158.0,1914.6,823.46,manual,gauge_1_batch_5.zip,
ml/data/raw/PXL_20260125_115824436.jpg,26.5,train,3472,4624,522,1555,2644,3618,1569.0,2636.2,2172.8,2258.2,951.035,manual,gauge_1_batch_5.zip,
ml/data/raw/PXL_20260125_115758313.jpg,26.5,train,3472,4624,615,1815,2478,3623,1559.2,2744.1,2089.3,2420.2,834.4749999999999,manual,gauge_1_batch_5.zip,
ml/data/raw/PXL_20260125_115807658.jpg,26.5,train,3472,4624,820,1417,2553,3167,1632.8,2326.9,2099.1,2022.6,791.51,manual,gauge_1_batch_5.zip,
ml/data/raw/PXL_20260125_115742712.jpg,26.5,train,3472,4624,203,1734,2330,3429,1289.2,2685.2,1878.2,2331.8,868.8399999999999,manual,gauge_1_batch_5.zip,
ml/data/raw/PXL_20260125_115737064.jpg,26.5,train,3472,4624,246,1465,2675,3630,1485.6,2430.0,2138.4,2061.8,1044.325,manual,gauge_1_batch_5.zip,
ml/data/raw/PXL_20260125_115759913.jpg,26.5,train,3472,4624,867,2414,2643,4158,1750.6,3274.3,2241.5,2965.0,800.11,manual,gauge_1_batch_5.zip,
ml/data/raw/PXL_20260125_115840403.jpg,26.5,train,3472,4624,281,1464,2694,4028,1392.3,2700.0,2064.8,2209.1,1131.42,manual,gauge_1_batch_5.zip,
ml/data/raw/PXL_20260125_115738811.jpg,26.5,train,3472,4624,842,1533,2742,3868,1681.9,2650.9,2236.6,2184.6,962.6099999999999,manual,gauge_1_batch_5.zip,
ml/data/raw/PXL_20260125_115751745.jpg,26.5,train,3472,4624,0,1608,1997,3746,901.4,2660.7,1510.1,2248.4,958.385,manual,gauge_1_batch_5.zip,
ml/data/raw/PXL_20260125_115740064.jpg,26.5,train,3472,4624,769,1787,2454,4058,1461.0,2901.2,1907.7,2376.0,899.24,manual,gauge_1_batch_5.zip,
ml/data/raw/PXL_20260125_115804606.jpg,26.5,train,3472,4624,834,1351,2588,3154,1677.0,2268.0,2192.4,1919.5,808.71,manual,gauge_1_batch_5.zip,
ml/data/raw/PXL_20260125_115757788.jpg,26.5,train,3472,4624,558,1877,2481,3767,1529.7,2832.5,2059.9,2484.0,866.39,manual,gauge_1_batch_5.zip,
ml/data/raw/PXL_20260125_115803605.jpg,26.5,train,3472,4624,808,1335,2530,3176,1618.1,2297.5,2128.6,1934.2,809.9,manual,gauge_1_batch_5.zip,
ml/data/raw/PXL_20260125_115741590.jpg,26.5,train,3472,4624,604,1315,2656,3269,1647.5,2371.1,2197.3,1948.9,910.53,manual,gauge_1_batch_5.zip,
ml/data/raw/PXL_20260125_115806305.jpg,26.5,train,3472,4624,761,1424,2521,3292,1593.5,2376.0,2094.2,2076.5,824.615,manual,gauge_1_batch_5.zip,
ml/data/raw/PXL_20260125_115822580.jpg,26.5,val,3472,4624,602,1264,2923,3526,1765.3,2434.9,2437.8,2066.7,1041.8449999999998,manual,gauge_1_batch_5.zip,
ml/data/raw/PXL_20260125_115739440.jpg,26.5,val,3472,4624,740,1695,2446,4023,1470.8,2837.4,2020.6,2341.6,916.685,manual,gauge_1_batch_5.zip,
ml/data/raw/PXL_20260125_115829399.jpg,26.5,val,3472,4624,83,819,2951,3627,1564.1,2287.6,2354.4,1782.0,1289.755,manual,gauge_1_batch_5.zip,
ml/data/raw/PXL_20260125_115801045.jpg,26.5,val,3472,4624,728,2138,2429,3796,1593.5,2960.1,2045.1,2665.6,763.3050000000001,manual,gauge_1_batch_5.zip,
ml/data/raw/PXL_20260125_115801802.jpg,26.5,val,3472,4624,686,1540,2544,3349,1623.0,2488.9,2138.4,2140.4,833.2249999999999,manual,gauge_1_batch_5.zip,
ml/data/raw/PXL_20260125_115736457.jpg,26.5,test,3472,4624,300,1420,2627,3694,1500.3,2488.9,2113.9,2120.7,1045.54,manual,gauge_1_batch_5.zip,
ml/data/raw/PXL_20260125_115735138.jpg,26.5,test,3472,4624,106,1212,2639,3701,1416.8,2449.6,2118.8,2022.6,1141.24,manual,gauge_1_batch_5.zip,
ml/data/raw/PXL_20260125_115825419.jpg,26.5,test,3472,4624,703,1745,2571,3678,1573.9,2724.5,2133.5,2390.7,863.9100000000001,manual,gauge_1_batch_5.zip,
ml/data/raw/PXL_20260125_115748216.jpg,26.5,test,3472,4624,0,1773,1940,3960,886.7,2862.0,1426.6,2479.1,967.015,manual,gauge_1_batch_5.zip,
ml/data/raw/PXL_20260125_115735852.jpg,26.5,test,3472,4624,159,1329,2616,3770,1441.4,2562.5,2128.6,2145.3,1113.065,manual,gauge_1_batch_5.zip,
ml/data/raw/PXL_20260125_115801313.jpg,26.5,test,3472,4624,669,1759,2473,3557,1569.0,2660.7,2059.9,2322.0,818.515,manual,gauge_1_batch_5.zip,
ml/data/raw/PXL_20260125_115737682.jpg,26.5,test,3472,4624,408,1558,2606,3728,1470.8,2562.5,2045.1,2155.1,992.77,manual,gauge_1_batch_5.zip,
ml/data/raw/PXL_20260125_120023531.jpg,37.5,train,3472,4624,453,1397,2529,3342,1416.9,2312.3,2118.9,2263.2,913.855,manual,gauge_1_batch_6.zip,
ml/data/raw/PXL_20260125_115948135.jpg,37.5,train,3472,4624,795,1384,2323,3598,1446.4,2479.2,2045.2,2479.2,850.425,manual,gauge_1_batch_6.zip,
ml/data/raw/PXL_20260125_115949522.jpg,37.5,train,3472,4624,378,1518,2155,3635,1362.9,2552.8,1848.9,2503.7,884.8,manual,gauge_1_batch_6.zip,
ml/data/raw/PXL_20260125_115950638.jpg,37.5,train,3472,4624,444,2010,2328,3517,1446.4,2793.3,1952.0,2690.3,770.855,manual,gauge_1_batch_6.zip,
ml/data/raw/PXL_20260125_120024549.jpg,37.5,train,3472,4624,967,1453,2353,3322,1559.3,2385.9,2094.3,2292.6,739.8900000000001,manual,gauge_1_batch_6.zip,
ml/data/raw/PXL_20260125_115947579.jpg,37.5,train,3472,4624,579,1416,2485,3633,1431.7,2498.8,2153.2,2454.6,936.865,manual,gauge_1_batch_6.zip,
ml/data/raw/PXL_20260125_120026856.jpg,37.5,train,3472,4624,746,1627,1942,3628,1431.7,2636.3,1755.6,2562.6,726.42,manual,gauge_1_batch_6.zip,
ml/data/raw/PXL_20260125_120028768.jpg,37.5,train,3472,4624,636,1812,2418,3405,1520.0,2543.0,2074.7,2616.6,766.9849999999999,manual,gauge_1_batch_6.zip,
ml/data/raw/PXL_20260125_120034080.jpg,37.5,train,3472,4624,856,2488,2276,3854,1524.9,3151.7,1883.3,3161.5,633.21,manual,gauge_1_batch_6.zip,
ml/data/raw/PXL_20260125_115958760.jpg,37.5,train,3472,4624,652,1363,2132,2843,1377.7,2111.0,1868.5,2076.7,672.49,manual,gauge_1_batch_6.zip,
ml/data/raw/PXL_20260125_120022901.jpg,37.5,train,3472,4624,370,1393,2433,3294,1416.9,2263.2,2123.8,2322.1,900.7449999999999,manual,gauge_1_batch_6.zip,
ml/data/raw/PXL_20260125_120059198.jpg,37.5,train,3472,4624,281,1301,2792,3764,1549.5,2484.1,2359.4,2493.9,1130.2150000000001,manual,gauge_1_batch_6.zip,
ml/data/raw/PXL_20260125_120040116.jpg,37.5,train,3472,4624,1000,1956,2328,3306,1657.5,2611.7,2084.5,2616.6,608.685,manual,gauge_1_batch_6.zip,
ml/data/raw/PXL_20260125_115953604.jpg,37.5,train,3472,4624,785,1514,2411,3193,1564.2,2346.6,2118.9,2322.1,751.025,manual,gauge_1_batch_6.zip,
ml/data/raw/PXL_20260125_120030971.jpg,37.5,train,3472,4624,862,1173,2374,2680,1623.1,1929.4,2104.2,1953.9,685.99,manual,gauge_1_batch_6.zip,
ml/data/raw/PXL_20260125_115952623.jpg,37.5,train,3472,4624,904,1719,2464,3317,1642.7,2518.4,2172.9,2498.8,717.895,manual,gauge_1_batch_6.zip,
ml/data/raw/PXL_20260125_115959728.jpg,37.5,train,3472,4624,668,1305,2169,2817,1412.0,2096.3,1898.0,2057.0,684.755,manual,gauge_1_batch_6.zip,
ml/data/raw/PXL_20260125_115944074.jpg,37.5,train,3472,4624,315,1249,2675,3620,1544.5,2444.7,2261.1,2400.5,1075.0,manual,gauge_1_batch_5.zip,
ml/data/raw/PXL_20260125_120122658.jpg,37.5,train,3472,4624,343,1708,2324,3697,1353.0,2695.1,1966.6,2670.5,902.185,manual,gauge_1_batch_7.zip,
ml/data/raw/PXL_20260125_120024047.jpg,37.5,train,3472,4624,493,1468,2475,3300,1392.4,2327.0,2050.2,2263.2,866.795,manual,gauge_1_batch_6.zip,
ml/data/raw/PXL_20260125_120050121.jpg,37.5,train,3472,4624,875,2593,2247,3970,1544.6,3274.4,1971.6,3289.1,624.64,manual,gauge_1_batch_6.zip,
ml/data/raw/PXL_20260125_120026205.jpg,37.5,train,3472,4624,877,1423,2243,3497,1662.4,2464.5,2064.9,2469.4,781.8199999999999,manual,gauge_1_batch_6.zip,
ml/data/raw/PXL_20260125_115949188.jpg,37.5,train,3472,4624,186,1543,2308,3660,1348.2,2562.6,1932.3,2503.7,963.3399999999999,manual,gauge_1_batch_6.zip,
ml/data/raw/PXL_20260125_115946015.jpg,37.5,train,3472,4624,348,1616,2529,3528,1475.8,2459.5,2148.4,2439.9,930.1949999999999,manual,gauge_1_batch_6.zip,
ml/data/raw/PXL_20260125_115946935.jpg,37.5,train,3472,4624,492,1400,2652,3667,1500.4,2435.0,2256.3,2390.8,1005.965,manual,gauge_1_batch_6.zip,
ml/data/raw/PXL_20260125_120001250.jpg,37.5,train,3472,4624,644,1340,2129,2846,1362.9,2106.1,1809.6,2066.8,679.86,manual,gauge_1_batch_6.zip,
ml/data/raw/PXL_20260125_115944522.jpg,37.5,train,3472,4624,515,1420,2637,3537,1632.92,2430.09,2310.32,2420.27,963.3399999999999,manual,gauge_1_batch_6.zip,
ml/data/raw/PXL_20260125_115943552.jpg,37.5,train,3472,4624,231,1240,2440,3383,1357.9,2322.0,2059.9,2263.1,989.085,manual,gauge_1_batch_5.zip,
ml/data/raw/PXL_20260125_120021074.jpg,37.5,train,3472,4624,612,1391,2805,3507,1677.1,2498.8,2374.1,2557.7,979.29,manual,gauge_1_batch_6.zip,
ml/data/raw/PXL_20260125_120027821.jpg,37.5,train,3472,4624,649,1495,2577,3418,1652.6,2395.7,2246.5,2493.9,874.9649999999999,manual,gauge_1_batch_6.zip,
ml/data/raw/PXL_20260125_115955039.jpg,37.5,train,3472,4624,868,1523,2353,3007,1593.6,2268.1,2079.6,2248.5,674.9549999999999,manual,gauge_1_batch_6.zip,
ml/data/raw/PXL_20260125_120101988.jpg,37.5,train,3472,4624,301,1849,2784,3667,1549.4,2577.4,2344.7,2651.0,977.5,manual,gauge_1_batch_6.zip,
ml/data/raw/PXL_20260125_120052049.jpg,37.5,train,3472,4624,835,2438,2179,3756,1495.5,3092.8,1893.1,3063.3,604.995,manual,gauge_1_batch_6.zip,
ml/data/raw/PXL_20260125_120115570.jpg,37.5,train,3472,4624,355,1358,2456,3427,1416.83,2405.45,2099.14,2454.53,947.6,manual,gauge_1_batch_7.zip,
ml/data/raw/PXL_20260125_115945531.jpg,37.5,train,3472,4624,323,1607,2515,3556,1456.2,2454.7,2163.1,2464.5,941.235,manual,gauge_1_batch_6.zip,
ml/data/raw/PXL_20260125_120043546.jpg,37.5,train,3472,4624,908,1790,1890,3182,1367.8,2484.1,1721.3,2381.0,539.825,manual,gauge_1_batch_6.zip,
ml/data/raw/PXL_20260125_120022309.jpg,37.5,train,3472,4624,510,1263,2632,3331,1588.7,2243.6,2285.8,2302.5,952.305,manual,gauge_1_batch_6.zip,
ml/data/raw/PXL_20260125_115950996.jpg,37.5,train,3472,4624,546,1800,2572,3248,1618.2,2592.1,2187.6,2454.6,789.74,manual,gauge_1_batch_6.zip,
ml/data/raw/PXL_20260125_115948601.jpg,37.5,val,3472,4624,655,1451,2620,3638,1554.4,2528.3,2256.3,2523.4,943.71,manual,gauge_1_batch_6.zip,
ml/data/raw/PXL_20260125_120021544.jpg,37.5,val,3472,4624,547,1351,2713,3468,1613.3,2454.6,2300.5,2474.3,973.165,manual,gauge_1_batch_6.zip,
ml/data/raw/PXL_20260125_115947232.jpg,37.5,val,3472,4624,522,1451,2590,3589,1466.0,2469.4,2182.7,2420.3,955.95,manual,gauge_1_batch_6.zip,
ml/data/raw/PXL_20260125_120022037.jpg,37.5,val,3472,4624,549,1267,2671,3356,1632.9,2297.6,2300.5,2341.7,957.2049999999999,manual,gauge_1_batch_6.zip,
ml/data/raw/PXL_20260125_120025564.jpg,37.5,val,3472,4624,850,1497,2368,3460,1696.7,2493.9,2163.1,2518.4,791.345,manual,gauge_1_batch_6.zip,
ml/data/raw/PXL_20260125_120042299.jpg,37.5,val,3472,4624,1041,1958,2342,3195,1686.9,2547.9,2118.9,2523.4,576.7950000000001,manual,gauge_1_batch_6.zip,
ml/data/raw/PXL_20260125_115948836.jpg,37.5,val,3472,4624,328,1533,2450,3650,1441.5,2577.4,2123.8,2528.3,963.3399999999999,manual,gauge_1_batch_6.zip,
ml/data/raw/PXL_20260125_115949960.jpg,37.5,val,3472,4624,481,1440,2117,3556,1421.8,2464.5,1878.4,2400.6,852.885,manual,gauge_1_batch_6.zip,
ml/data/raw/PXL_20260125_120105434.jpg,37.5,test,3472,4624,570,1532,2233,3999,1230.4,2744.2,1873.4,2719.7,938.785,manual,gauge_1_batch_6.zip,
ml/data/raw/PXL_20260125_115957052.jpg,37.5,test,3472,4624,612,1370,2103,2866,1338.4,2115.9,1770.4,2071.8,678.64,manual,gauge_1_batch_6.zip,
ml/data/raw/PXL_20260125_120045775.jpg,37.5,test,3472,4624,1027,2010,2350,3187,1686.9,2626.4,2094.3,2616.6,568.17,manual,gauge_1_batch_6.zip,
ml/data/raw/PXL_20260125_120020529.jpg,37.5,test,3472,4624,614,1018,2828,3134,1755.6,2125.7,2428.1,2209.2,984.2,manual,gauge_1_batch_6.zip,
ml/data/raw/PXL_20260125_115944999.jpg,37.5,test,3472,4624,273,1464,2471,3527,1416.9,2395.7,2138.5,2376.1,968.245,manual,gauge_1_batch_6.zip,
ml/data/raw/PXL_20260125_115946532.jpg,37.5,test,3472,4624,195,1481,2493,3453,1362.9,2336.8,2109.1,2292.6,970.655,manual,gauge_1_batch_6.zip,
ml/data/raw/PXL_20260125_120119590.jpg,37.5,test,3472,4624,333,1617,2344,3603,1362.8,2587.1,1971.5,2577.3,908.21,manual,gauge_1_batch_7.zip,
ml/data/raw/PXL_20260125_120037559.jpg,37.5,test,3472,4624,1044,2170,2486,3612,1770.4,2871.9,2261.2,2896.4,655.3,manual,gauge_1_batch_6.zip,
ml/data/raw/PXL_20260125_120041517.jpg,37.5,test,3472,4624,963,1973,2302,3313,1632.9,2611.7,2055.1,2616.6,608.685,manual,gauge_1_batch_6.zip,
ml/data/raw/PXL_20260125_120203460.jpg,49.0,train,3472,4624,680,1504,2260,3654,1539.5,2680.3,1976.4,2911.0,847.9649999999999,manual,gauge_1_batch_7.zip,
ml/data/raw/PXL_20260125_120202164.jpg,49.0,train,3472,4624,296,2092,2478,4353,1387.4,3122.1,1917.5,3686.6,1009.95,manual,gauge_1_batch_7.zip,
ml/data/raw/PXL_20260125_120216879.jpg,49.0,train,3472,4624,878,1870,2845,4130,1731.0,2950.3,2275.9,3554.1,960.56,manual,gauge_1_batch_7.zip,
ml/data/raw/PXL_20260125_120218153.jpg,49.0,train,3472,4624,465,1827,2638,4082,1618.1,2930.7,2099.1,3411.7,1006.3199999999999,manual,gauge_1_batch_7.zip,
ml/data/raw/PXL_20260125_120156218.jpg,49.0,train,3472,4624,193,1585,2411,3786,1338.3,2655.8,1927.3,3048.5,1004.185,manual,gauge_1_batch_7.zip,
ml/data/raw/PXL_20260125_120216417.jpg,49.0,train,3472,4624,750,1970,2808,4168,1686.8,3004.3,2212.0,3568.8,967.3299999999999,manual,gauge_1_batch_7.zip,
ml/data/raw/PXL_20260125_120215279.jpg,49.0,train,3472,4624,492,2096,2634,4079,1549.4,3131.9,2079.5,3529.5,937.655,manual,gauge_1_batch_7.zip,
ml/data/raw/PXL_20260125_120205038.jpg,49.0,train,3472,4624,377,1660,2081,3876,1367.7,2773.6,1735.9,3068.1,890.9000000000001,manual,gauge_1_batch_7.zip,
ml/data/raw/PXL_20260125_120215842.jpg,49.0,train,3472,4624,511,2061,2683,4129,1583.7,3112.3,2089.3,3509.9,963.73,manual,gauge_1_batch_7.zip,
ml/data/raw/PXL_20260125_120239110.jpg,49.0,train,3472,4624,929,1687,2328,3057,1627.9,2371.1,2010.8,2606.7,629.515,manual,gauge_1_batch_7.zip,
ml/data/raw/PXL_20260125_120226207.jpg,49.0,train,3472,4624,921,3089,2244,4509,1569.0,3750.4,1937.1,4020.4,623.63,manual,gauge_1_batch_7.zip,
ml/data/raw/PXL_20260125_120228748.jpg,49.0,train,3472,4624,933,2823,2307,4221,1618.1,3500.1,2001.0,3755.3,629.98,manual,gauge_1_batch_7.zip,
ml/data/raw/PXL_20260125_120246531.jpg,49.0,train,3472,4624,1255,1258,2829,3639,1897.9,2415.3,2285.7,3038.7,898.88,manual,gauge_1_batch_7.zip,
ml/data/raw/PXL_20260125_120227628.jpg,49.0,train,3472,4624,916,2904,2210,4351,1554.3,3593.4,1888.1,3863.3,623.0699999999999,manual,gauge_1_batch_7.zip,
ml/data/raw/PXL_20260125_120206822.jpg,49.0,train,3472,4624,325,1786,2582,4029,1436.5,2901.2,1986.2,3411.7,1022.6099999999999,manual,gauge_1_batch_7.zip,
ml/data/raw/PXL_20260125_120200715.jpg,49.0,train,3472,4624,656,1456,2595,3624,1529.7,2488.9,2089.3,2925.8,933.4649999999999,manual,gauge_1_batch_7.zip,
ml/data/raw/PXL_20260125_120201512.jpg,49.0,train,3472,4624,566,1542,2371,3935,1338.3,2700.0,1868.4,3279.2,954.235,manual,gauge_1_batch_7.zip,
ml/data/raw/PXL_20260125_120230221.jpg,49.0,train,3472,4624,934,2706,2263,4152,1627.9,3397.0,1947.0,3632.6,630.75,manual,gauge_1_batch_7.zip,
ml/data/raw/PXL_20260125_120206223.jpg,49.0,train,3472,4624,622,1593,2333,3838,1377.6,2660.7,1848.8,3215.4,899.2249999999999,manual,gauge_1_batch_7.zip,
ml/data/raw/PXL_20260125_120305774.jpg,49.0,train,3472,4624,290,1376,2925,3984,1652.45,2660.7,2378.94,3102.48,1191.5700000000002,manual,gauge_1_batch_8.zip,
ml/data/raw/PXL_20260125_120217738.jpg,49.0,train,3472,4624,604,1846,2845,4054,1701.5,2955.2,2226.8,3490.3,1011.085,manual,gauge_1_batch_7.zip,
ml/data/raw/PXL_20260125_120204151.jpg,49.0,train,3472,4624,503,1638,2603,3707,1564.1,2700.0,2089.3,3068.1,947.6,manual,gauge_1_batch_7.zip,
ml/data/raw/PXL_20260125_120158598.jpg,49.0,train,3472,4624,378,1738,2349,3716,1431.6,2685.2,1922.4,3014.1,897.415,manual,gauge_1_batch_7.zip,
ml/data/raw/PXL_20260125_120228422.jpg,49.0,train,3472,4624,963,2846,2289,4342,1598.5,3544.3,1956.8,3829.0,641.24,manual,gauge_1_batch_7.zip,
ml/data/raw/PXL_20260125_120157736.jpg,49.0,train,3472,4624,129,1723,2318,3901,1264.7,2783.4,1858.6,3181.0,992.315,manual,gauge_1_batch_7.zip,
ml/data/raw/PXL_20260125_120213545.jpg,49.0,train,3472,4624,562,2227,2662,4296,1603.4,3264.5,2099.1,3725.9,947.6,manual,gauge_1_batch_7.zip,
ml/data/raw/PXL_20260125_120218758.jpg,49.0,train,3472,4624,537,1852,2476,4092,1608.3,2969.9,2055.0,3362.6,949.635,manual,gauge_1_batch_7.zip,
ml/data/raw/PXL_20260125_120220417.jpg,49.0,train,3472,4624,495,1892,2809,4149,1701.5,2901.2,2261.1,3421.5,1038.7150000000001,manual,gauge_1_batch_7.zip,
ml/data/raw/PXL_20260125_120207449.jpg,49.0,train,3472,4624,292,1677,2460,3832,1441.4,2754.0,1937.2,3195.7,982.385,manual,gauge_1_batch_7.zip,
ml/data/raw/PXL_20260125_120218515.jpg,49.0,train,3472,4624,443,1859,2435,4102,1515.0,2955.2,1961.7,3392.1,962.5,manual,gauge_1_batch_7.zip,
ml/data/raw/PXL_20260125_120243838.jpg,49.0,train,3472,4624,376,1365,2796,3769,1598.5,2562.5,2256.2,3014.1,1096.325,manual,gauge_1_batch_7.zip,
ml/data/raw/PXL_20260125_120201091.jpg,49.0,train,3472,4624,709,1371,2488,3742,1470.8,2518.3,2010.8,3048.5,943.26,manual,gauge_1_batch_7.zip,
ml/data/raw/PXL_20260125_120217241.jpg,49.0,train,3472,4624,916,1893,2658,4164,1672.1,2999.4,2128.6,3603.2,911.835,manual,gauge_1_batch_7.zip,
ml/data/raw/PXL_20260125_120205746.jpg,49.0,train,3472,4624,634,1578,2476,3728,1461.0,2616.5,1951.9,3156.5,907.5,manual,gauge_1_batch_7.zip,
ml/data/raw/PXL_20260125_120227059.jpg,49.0,val,3472,4624,927,2984,2265,4420,1578.8,3681.7,1942.1,3937.0,630.675,manual,gauge_1_batch_7.zip,
ml/data/raw/PXL_20260125_120159765.jpg,49.0,val,3472,4624,416,1399,2645,3420,1559.2,2307.3,2138.4,2734.3,966.205,manual,gauge_1_batch_7.zip,
ml/data/raw/PXL_20260125_120203195.jpg,49.0,val,3472,4624,395,1613,2537,3523,1539.5,2641.1,1986.2,2916.0,920.6949999999999,manual,gauge_1_batch_7.zip,
ml/data/raw/PXL_20260125_120200165.jpg,49.0,val,3472,4624,458,1609,2558,3672,1470.8,2552.7,2015.7,2960.1,946.385,manual,gauge_1_batch_7.zip,
ml/data/raw/PXL_20260125_120241619.jpg,49.0,val,3472,4624,414,1333,2776,3680,1598.5,2493.8,2236.6,2940.5,1070.35,manual,gauge_1_batch_7.zip,
ml/data/raw/PXL_20260125_120252819.jpg,49.0,val,3472,4624,744,1509,2519,3326,1598.5,2410.4,2099.1,2758.9,816.095,manual,gauge_1_batch_7.zip,
ml/data/raw/PXL_20260125_120202892.jpg,49.0,val,3472,4624,185,1814,2414,4064,1348.1,2866.9,1888.1,3323.4,1017.98,manual,gauge_1_batch_7.zip,
ml/data/raw/PXL_20260125_120225344.jpg,49.0,test,3472,4624,956,3202,2260,4624,1598.5,3868.2,1981.3,4133.3,620.885,manual,gauge_1_batch_7.zip,
ml/data/raw/PXL_20260125_120220792.jpg,49.0,test,3472,4624,540,2032,2763,3852,1657.4,2803.1,2256.2,3215.4,918.9549999999999,manual,gauge_1_batch_7.zip,
ml/data/raw/PXL_20260125_120219516.jpg,49.0,test,3472,4624,719,1772,2284,4031,1608.3,2896.3,1947.0,3264.5,869.22,manual,gauge_1_batch_7.zip,
ml/data/raw/PXL_20260125_120228002.jpg,49.0,test,3472,4624,942,2918,2177,4347,1549.4,3583.5,1878.2,3863.3,605.34,manual,gauge_1_batch_7.zip,
ml/data/raw/PXL_20260125_120256738.jpg,49.0,test,3472,4624,753,1539,2528,3345,1608.3,2420.2,2113.9,2700.0,813.905,manual,gauge_1_batch_7.zip,
ml/data/raw/PXL_20260125_120159244.jpg,49.0,test,3472,4624,406,1345,2614,3480,1544.5,2322.0,2109.0,2763.8,986.9100000000001,manual,gauge_1_batch_7.zip,
ml/data/raw/PXL_20260125_120214176.jpg,49.0,test,3472,4624,517,2242,2618,4311,1529.7,3239.9,2030.4,3745.5,947.6,manual,gauge_1_batch_7.zip,
ml/data/raw/PXL_20260125_120302481.jpg,49.0,test,3472,4624,203,1306,3032,4146,1603.36,2660.7,2369.12,3136.84,1288.55,manual,gauge_1_batch_8.zip,
