image_path,temperature_c,split,source_width,source_height,loose_crop_x1,loose_crop_y1,loose_crop_x2,loose_crop_y2,center_x_source,center_y_source,tip_x_source,tip_y_source,dial_radius_source,label_quality,source_manifest,notes,angle_degrees_from_labels,deterministic_temperature_c,absolute_temperature_difference_c,center_tip_distance_pixels,quality_flag
ml/data/raw/PXL_20260125_115803605.jpg,26.5,train,3472,4624,808.0,1335.0,2530.0,3176.0,1618.1,2297.5,2128.6,1934.2,809.9,manual,gauge_1_batch_5.zip,,324.5622,26.1666,0.3334,626.5757,clean
ml/data/raw/PXL_20260125_115824436.jpg,26.5,train,3472,4624,522.0,1555.0,2644.0,3618.0,1569.0,2636.2,2172.8,2258.2,951.035,manual,gauge_1_batch_5.zip,,327.9520,27.1710,0.6710,712.3612,clean
ml/data/captured_images/capture_2026-04-24_22-24-04.png,0.0,val,224,224,0,0,224,224,112.0,99.9,65.0,95.0,80.0,manual,board_captures_v2,,236.25,0.0,0.0,47.2547352124631,clean
ml/data/raw/PXL_20260125_115433668.jpg,5.0,train,3472,4624,233.0,1505.0,2733.0,4021.0,1519.9,2749.1,1303.9,1948.9,1140.0900000000001,manual,gauge_1_batch_4.zip,,254.8940,5.5242,0.5242,828.8402,clean
ml/data/raw/PXL_20260125_120206822.jpg,49.0,train,3472,4624,325.0,1786.0,2582.0,4029.0,1436.5,2901.2,1986.2,3411.7,1022.6099999999999,manual,gauge_1_batch_7.zip,,42.8825,49.3726,0.3726,750.1869,clean
ml/data/raw/PXL_20260125_115116424.jpg,-7.5,train,3472,4624,204.0,867.0,3122.0,3907.0,1547.4,2373.0,832.2,1790.8,1354.0500000000002,manual,gauge_1_batch_2.zip,,219.1469,-5.0676,2.4324,922.2082,clean
ml/data/raw/PXL_20260125_115117057.jpg,-7.5,train,3472,4624,229.0,948.0,2995.0,3922.0,1469.8,2422.9,815.6,1835.2,1304.5349999999999,manual,gauge_1_batch_2.zip,,221.9349,-4.2415,3.2585,879.4140,clean
ml/data/raw/PXL_20260125_115608397.jpg,15.0,train,3472,4624,956.0,2347.0,2501.0,3839.0,1731.0,3117.2,1932.2,2621.4,690.2,manual,gauge_1_batch_4.zip,,292.0877,16.5445,1.5445,535.0692,clean
ml/data/raw/PXL_20260125_115535839.jpg,15.0,test,3472,4624,209.0,918.0,2801.0,3455.0,1544.5,2238.5,1814.4,1428.6,1165.81,manual,gauge_1_batch_4.zip,,288.4307,15.4609,0.4609,853.6885,clean
ml/data/raw/PXL_20260125_115948135.jpg,37.5,train,3472,4624,795.0,1384.0,2323.0,3598.0,1446.4,2479.2,2045.2,2479.2,850.425,manual,gauge_1_batch_6.zip,,0.0000,36.6667,0.8333,598.8000,clean
ml/data/raw/PXL_20260125_120216417.jpg,49.0,train,3472,4624,750.0,1970.0,2808.0,4168.0,1686.8,3004.3,2212.0,3568.8,967.3299999999999,manual,gauge_1_batch_7.zip,,47.0655,50.6120,1.6120,771.0352,clean
ml/data/raw/PXL_20260125_115554764.jpg,15.0,val,3472,4624,489.0,1340.0,2324.0,3165.0,1436.5,2268.0,1618.1,1742.8,832.05,manual,gauge_1_batch_4.zip,,289.0740,15.6516,0.6516,555.7100,clean
ml/data/raw/PXL_20260125_115120449.jpg,-7.5,train,3472,4624,238.0,1232.0,2384.0,3755.0,1453.2,2556.0,804.5,2129.0,1061.125,manual,gauge_1_batch_2.zip,,213.3545,-6.7839,0.7161,776.6213,clean
ml/data/raw/PXL_20260125_115331993.jpg,5.0,val,3472,4624,201.0,1055.0,2472.0,2823.0,1421.7,2076.6,1191.0,1433.5,917.88,manual,gauge_1_batch_3.zip,,250.2655,4.1527,0.8473,683.2277,clean
ml/data/raw/PXL_20260125_115806305.jpg,26.5,train,3472,4624,761.0,1424.0,2521.0,3292.0,1593.5,2376.0,2094.2,2076.5,824.615,manual,gauge_1_batch_5.zip,,329.1137,27.5152,1.0152,583.4387,clean
ml/data/raw/PXL_20260125_114912074.jpg,-17.5,train,3472,4624,196.0,898.0,2670.0,3578.0,1553.0,2134.6,621.5,2062.5,1171.2399999999998,manual,gauge_1_batch_2.zip,,184.4260,-15.3553,2.1447,934.2862,clean
ml/data/raw/PXL_20260125_114540819.jpg,-29.0,train,3472,4624,82.0,463.0,2881.0,3433.0,1647.24,2051.42,771.23,2600.31,1311.125,manual,gauge_1_batch_1.zip,,147.9296,-26.1690,2.8310,1033.7668,clean
ml/data/raw/PXL_20260125_115334678.jpg,5.0,train,3472,4624,841.0,879.0,2656.0,3113.0,1632.8,2066.7,1500.3,1340.3,920.115,manual,gauge_1_batch_3.zip,,259.6625,6.9370,1.9370,738.3855,clean
ml/data/captured_images/capture_2026-04-22_07-29-38.png,28.0,train,224,224,0,0,224,224,112.0,99.9,172.17,133.6,80.0,manual,board_captures_v2,,330.75,28.0,0.0,68.96462063986141,clean
ml/data/raw/PXL_20260125_115541834.jpg,15.0,train,3472,4624,264.0,1207.0,1848.0,3552.0,1186.1,2395.6,1303.9,1679.0,893.145,manual,gauge_1_batch_4.zip,,279.3352,12.7660,2.2340,726.2179,clean
ml/data/raw/PXL_20260125_115950996.jpg,37.5,train,3472,4624,546.0,1800.0,2572.0,3248.0,1618.2,2592.1,2187.6,2454.6,789.74,manual,gauge_1_batch_6.zip,,346.4240,32.6441,4.8559,585.7667,clean
ml/data/raw/PXL_20260125_115947579.jpg,37.5,train,3472,4624,579.0,1416.0,2485.0,3633.0,1431.7,2498.8,2153.2,2454.6,936.865,manual,gauge_1_batch_6.zip,,356.4944,35.6280,1.8720,722.8526,clean
ml/data/captured_images/capture_2026-04-22_07-21-44.png,28.0,train,224,224,0,0,224,224,112.0,99.9,172.17,133.6,80.0,manual,board_captures_v2,,330.75,28.0,0.0,68.96462063986141,clean
ml/data/raw/PXL_20260125_114926493.jpg,-17.5,train,3472,4624,0.0,1072.0,2831.0,3919.0,1464.3,2583.7,449.7,2544.9,1297.65,manual,gauge_1_batch_2.zip,,182.1900,-16.0178,1.4822,1015.3416,clean
ml/data/raw/PXL_20260125_115739440.jpg,26.5,val,3472,4624,740.0,1695.0,2446.0,4023.0,1470.8,2837.4,2020.6,2341.6,916.685,manual,gauge_1_batch_5.zip,,317.9564,24.2093,2.2907,740.3362,clean
ml/data/raw/PXL_20260125_115610974.jpg,15.0,test,3472,4624,965.0,1583.0,2623.0,3203.0,1804.6,2425.1,2015.7,1899.8,744.925,manual,gauge_1_batch_4.zip,,291.8935,16.4870,1.4870,566.1301,clean
ml/data/raw/PXL_20260125_114949989.jpg,-17.5,train,3472,4624,0.0,744.0,3196.0,4153.0,1547.4,2478.3,410.8,2389.6,1545.49,manual,gauge_1_batch_2.zip,,184.4623,-15.3445,2.1555,1140.0558,clean
ml/data/raw/PXL_20260125_115740763.jpg,26.5,train,3472,4624,634.0,1760.0,2603.0,3953.0,1544.5,2793.2,2138.4,2356.4,945.9200000000001,manual,gauge_1_batch_5.zip,,323.6664,25.9011,0.5989,737.2323,clean
ml/data/raw/PXL_20260125_114548536.jpg,-29.0,train,3472,4624,463.0,391.0,2573.0,3032.0,1571.6,1892.9,841.8,2259.2,1079.89,manual,gauge_1_batch_1.zip,,153.3471,-24.5638,4.4362,816.5683,clean
ml/data/captured_images/capture_2026-04-22_07-40-01.png,28.0,train,224,224,0,0,224,224,112.0,99.9,172.17,133.6,80.0,manual,board_captures_v2,,330.75,28.0,0.0,68.96462063986141,clean
ml/data/raw/PXL_20260125_115735852.jpg,26.5,test,3472,4624,159.0,1329.0,2616.0,3770.0,1441.4,2562.5,2128.6,2145.3,1113.065,manual,gauge_1_batch_5.zip,,328.7380,27.4039,0.9039,803.9277,clean
ml/data/raw/PXL_20260125_115618539.jpg,15.0,train,3472,4624,1038.0,1766.0,2674.0,3343.0,1853.7,2562.5,2040.2,2106.0,730.165,manual,gauge_1_batch_5.zip,,292.2221,16.5843,1.5843,493.1273,clean
ml/data/captured_images/capture_m30c_preview.png,-30.0,train,224,224,0,0,224,224,112.0,99.9,63.23,51.14,80.0,manual,board_captures_v2,,135.0,-30.0,0.0,68.96412473163132,clean
ml/data/raw/PXL_20260125_114925061.jpg,-17.5,train,3472,4624,354.0,935.0,2823.0,3541.0,1492.0,2234.4,721.3,2195.6,1153.645,manual,gauge_1_batch_2.zip,,182.8821,-15.8127,1.6873,771.6761,clean
ml/data/raw/PXL_20260125_115326457.jpg,5.0,test,3472,4624,812.0,1235.0,3472.0,3864.0,2074.6,2503.6,1843.9,1752.6,1212.46,manual,gauge_1_batch_3.zip,,252.9235,4.9403,0.0597,785.6357,clean
ml/data/raw/PXL_20260125_115122110.jpg,-7.5,test,3472,4624,0.0,1074.0,2275.0,3668.0,1229.1,2463.6,491.9,1971.8,1123.2800000000002,manual,gauge_1_batch_2.zip,,213.7080,-6.6791,0.8209,886.1891,clean
ml/data/raw/PXL_20260125_114936296.jpg,-17.5,train,3472,4624,281.0,895.0,3046.0,3727.0,1697.1,2334.2,743.5,2239.9,1272.115,manual,gauge_1_batch_2.zip,,185.6475,-14.9933,2.5067,958.2512,clean
ml/data/raw/PXL_20260125_115007049.jpg,-17.5,train,3472,4624,304.0,952.0,2859.0,4230.0,1381.1,2478.3,671.4,2506.1,1325.65,manual,gauge_1_batch_2.zip,,177.7568,-17.3313,0.1687,710.2443,clean
ml/data/raw/PXL_20260125_114550243.jpg,-29.0,train,3472,4624,330.0,424.0,2893.0,3357.0,1672.2,2094.0,851.4,2469.8,1249.17,manual,gauge_1_batch_1.zip,,155.3995,-23.9557,5.0443,902.7393,review
ml/data/raw/PXL_20260125_120228002.jpg,49.0,test,3472,4624,942.0,2918.0,2177.0,4347.0,1549.4,3583.5,1878.2,3863.3,605.34,manual,gauge_1_batch_7.zip,,40.3969,48.6361,0.3639,431.7377,clean
ml/data/raw/PXL_20260125_115200940.jpg,-7.5,train,3472,4624,223.0,1130.0,2596.0,3789.0,1485.5,2302.4,862.1,1806.6,1143.575,manual,gauge_1_batch_3.zip,,218.4958,-5.2605,2.2395,796.5207,clean
ml/data/raw/PXL_20260125_114911288.jpg,-17.5,test,3472,4624,52.0,918.0,2381.0,3541.0,1408.8,2245.5,494.0,2267.7,1125.44,manual,gauge_1_batch_2.zip,,178.6098,-17.0786,0.4214,915.0693,clean
ml/data/raw/PXL_20260125_115332945.jpg,5.0,train,3472,4624,40.0,894.0,2500.0,2619.0,1348.1,1924.4,1102.7,1276.4,951.3,manual,gauge_1_batch_3.zip,,249.2581,3.8543,1.1457,692.9106,clean
ml/data/raw/PXL_20260125_115626909.jpg,15.0,train,3472,4624,332.0,1072.0,2869.0,3571.0,1618.1,2356.4,1927.3,1575.9,1144.92,manual,gauge_1_batch_5.zip,,291.6113,16.4034,1.4034,839.5147,clean
ml/data/raw/PXL_20260125_114859876.jpg,-17.5,train,3472,4624,33.0,258.0,3472.0,3880.0,1811.0,2127.5,602.5,2077.3,1637.645,manual,gauge_1_batch_1.zip,,182.3786,-15.9619,1.5381,1209.5422,clean
ml/data/raw/PXL_20260125_115541259.jpg,15.0,train,3472,4624,169.0,1056.0,1795.0,3356.0,1122.3,2233.6,1215.6,1556.2,892.17,manual,gauge_1_batch_4.zip,,277.8422,12.3236,2.6764,683.7950,clean
ml/data/captured_images/capture_2026-04-30_05-51-06.png,0.0,train,224,224,0,0,224,224,112.0,99.9,65.0,95.0,80.0,manual,board_captures_v2,,236.25,0.0,0.0,47.2547352124631,clean
ml/data/raw/PXL_20260125_115615761.jpg,15.0,test,3472,4624,1028.0,1624.0,2600.0,3201.0,1804.62,2449.62,2020.6,1929.3,715.435,manual,gauge_1_batch_5.zip,,292.5429,16.6794,1.6794,563.3651,clean
ml/data/raw/PXL_20260125_120023531.jpg,37.5,train,3472,4624,453.0,1397.0,2529.0,3342.0,1416.9,2312.3,2118.9,2263.2,913.855,manual,gauge_1_batch_6.zip,,355.9991,35.4812,2.0188,703.7150,clean
ml/data/raw/PXL_20260125_115825419.jpg,26.5,test,3472,4624,703.0,1745.0,2571.0,3678.0,1573.9,2724.5,2133.5,2390.7,863.9100000000001,manual,gauge_1_batch_5.zip,,329.1840,27.5360,1.0360,651.5939,clean
ml/data/raw/PXL_20260125_115943552.jpg,37.5,train,3472,4624,231.0,1240.0,2440.0,3383.0,1357.9,2322.0,2059.9,2263.1,989.085,manual,gauge_1_batch_5.zip,,355.2039,35.2456,2.2544,704.4666,clean
ml/data/raw/PXL_20260125_120219516.jpg,49.0,test,3472,4624,719.0,1772.0,2284.0,4031.0,1608.3,2896.3,1947.0,3264.5,869.22,manual,gauge_1_batch_7.zip,,47.3897,50.7080,1.7080,500.2888,clean
ml/data/raw/PXL_20260125_120059198.jpg,37.5,train,3472,4624,281.0,1301.0,2792.0,3764.0,1549.5,2484.1,2359.4,2493.9,1130.2150000000001,manual,gauge_1_batch_6.zip,,0.6933,36.8721,0.6279,809.9593,clean
ml/data/raw/PXL_20260125_115547414.jpg,15.0,train,3472,4624,458.0,1469.0,2316.0,3262.0,1416.8,2405.4,1603.4,1826.2,829.5699999999999,manual,gauge_1_batch_4.zip,,287.8573,15.2911,0.2911,608.5164,clean
ml/data/raw/PXL_20260125_115115395.jpg,-7.5,train,3472,4624,444.0,1172.0,3162.0,3977.0,1719.3,2550.4,1054.0,1984.9,1255.185,manual,gauge_1_batch_2.zip,,220.3643,-4.7069,2.7931,873.1634,clean
ml/data/raw/PXL_20260125_115404470.jpg,5.0,test,3472,4624,303.0,1036.0,3251.0,3990.0,1780.1,2503.6,1583.7,1551.3,1341.35,manual,gauge_1_batch_4.zip,,258.3468,6.5472,1.5472,972.3416,clean
ml/data/raw/PXL_20260125_114555470.jpg,-29.0,val,3472,4624,228.0,514.0,3113.0,3840.0,1528.6,2036.5,659.9,2541.6,1411.445,manual,gauge_1_batch_1.zip,,149.8244,-25.6076,3.3924,1004.8710,clean
ml/data/raw/PXL_20260125_120217738.jpg,49.0,train,3472,4624,604.0,1846.0,2845.0,4054.0,1701.5,2955.2,2226.8,3490.3,1011.085,manual,gauge_1_batch_7.zip,,45.5295,50.1569,1.1569,749.8481,clean
ml/data/raw/PXL_20260125_115328820.jpg,5.0,test,3472,4624,429.0,1052.0,2438.0,3115.0,1465.9,2110.9,1269.6,1477.7,925.31,manual,gauge_1_batch_3.zip,,252.7759,4.8966,0.1034,662.9298,clean
ml/data/raw/PXL_20260125_115121320.jpg,-17.5,train,3472,4624,20.0,1100.0,2191.0,3648.0,1264.7,2456.2,521.7,2023.7,1072.2649999999999,manual,gauge_1_batch_2.zip,,210.2037,-7.7174,9.7826,859.7123,review
ml/data/raw/PXL_20260125_114909671.jpg,-17.5,val,3472,4624,74.0,697.0,2477.0,3413.0,1458.73,2062.51,538.36,2134.59,1163.325,manual,gauge_1_batch_2.zip,,175.5219,-17.9935,0.4935,923.1882,clean
ml/data/raw/PXL_20260125_120206223.jpg,49.0,train,3472,4624,622.0,1593.0,2333.0,3838.0,1377.6,2660.7,1848.8,3215.4,899.2249999999999,manual,gauge_1_batch_7.zip,,49.6532,51.3787,2.3787,727.8197,clean
ml/data/raw/PXL_20260125_115803016.jpg,26.5,train,3472,4624,795.0,1313.0,2593.0,3138.0,1652.4,2253.3,2158.0,1914.6,823.46,manual,gauge_1_batch_5.zip,,326.1820,26.6465,0.1465,608.5631,clean
ml/data/raw/PXL_20260125_115609083.jpg,15.0,train,3472,4624,912.0,2141.0,2500.0,3724.0,1701.5,2935.6,1902.8,2454.5,720.3599999999999,manual,gauge_1_batch_4.zip,,292.7052,16.7275,1.7275,521.5160,clean
ml/data/captured_images/capture_2026-04-22_07-37-33.png,28.0,val,224,224,0,0,224,224,112.0,99.9,172.17,133.6,80.0,manual,board_captures_v2,,330.75,28.0,0.0,68.96462063986141,clean
ml/data/captured_images/capture_2026-04-22_07-33-19.png,28.0,train,224,224,0,0,224,224,112.0,99.9,172.17,133.6,80.0,manual,board_captures_v2,,330.75,28.0,0.0,68.96462063986141,clean
ml/data/raw/PXL_20260125_120230221.jpg,49.0,train,3472,4624,934.0,2706.0,2263.0,4152.0,1627.9,3397.0,1947.0,3632.6,630.75,manual,gauge_1_batch_7.zip,,36.4394,47.4635,1.5365,396.6512,clean
ml/data/raw/PXL_20260125_115736457.jpg,26.5,test,3472,4624,300.0,1420.0,2627.0,3694.0,1500.3,2488.9,2113.9,2120.7,1045.54,manual,gauge_1_batch_5.zip,,329.0335,27.4914,0.9914,715.5950,clean
ml/data/raw/PXL_20260125_120045775.jpg,37.5,test,3472,4624,1027.0,2010.0,2350.0,3187.0,1686.9,2626.4,2094.3,2616.6,568.17,manual,gauge_1_batch_6.zip,,358.6220,36.2584,1.2416,407.5179,clean
ml/data/raw/PXL_20260125_114637155.jpg,-29.0,train,3472,4624,274.0,920.0,3197.0,3853.0,1777.5,2376.4,932.7,2919.7,1330.93,manual,gauge_1_batch_1.zip,,147.2545,-26.3690,2.6310,1004.4212,clean
ml/data/raw/PXL_20260125_115647174.jpg,15.0,val,3472,4624,948.0,1468.0,2724.0,3180.0,1819.3,2341.6,1986.2,1777.1,792.775,manual,gauge_1_batch_5.zip,,286.4708,14.8802,0.1198,588.6560,clean
ml/data/raw/PXL_20260125_120025564.jpg,37.5,val,3472,4624,850.0,1497.0,2368.0,3460.0,1696.7,2493.9,2163.1,2518.4,791.345,manual,gauge_1_batch_6.zip,,3.0070,37.5576,0.0576,467.0430,clean
ml/data/raw/PXL_20260125_120305774.jpg,49.0,train,3472,4624,290.0,1376.0,2925.0,3984.0,1652.45,2660.7,2378.94,3102.48,1191.5700000000002,manual,gauge_1_batch_8.zip,,31.3039,45.9419,3.0581,850.2690,clean
ml/data/captured_images/today_converted/capture_2026-04-09_06-41-57.png,30.0,train,224,224,0,0,224,224,112.0,99.9,175.72,126.3,80.0,manual,board_captures_v2,,337.5,30.0,0.0,68.97244667256628,clean
ml/data/raw/PXL_20260125_115417966.jpg,5.0,train,3472,4624,417.0,2167.0,2906.0,3355.0,1681.9,2857.0,1564.1,2371.1,835.69,manual,gauge_1_batch_4.zip,,256.3723,5.9622,0.9622,499.9756,clean
ml/data/raw/PXL_20260125_115822580.jpg,26.5,val,3472,4624,602.0,1264.0,2923.0,3526.0,1765.3,2434.9,2437.8,2066.7,1041.8449999999998,manual,gauge_1_batch_5.zip,,331.2989,28.1626,1.6626,766.6991,clean
ml/data/raw/PXL_20260125_115148744.jpg,-7.5,train,3472,4624,662.0,1118.0,2303.0,2803.0,1470.8,2007.8,1097.8,1585.7,755.95,manual,gauge_1_batch_3.zip,,228.5337,-2.2863,5.2137,563.2916,review
ml/data/captured_images/capture_p30c.jpg,30.0,train,1389,1850,0,0,1389,1850,694.5,825.1,1220.74,1043.07,80.0,manual,board_captures_v2,,337.5,30.0,0.0,569.5958729660881,clean
ml/data/captured_images/capture_2026-04-22_07-27-11.png,28.0,val,224,224,0,0,224,224,112.0,99.9,172.17,133.6,80.0,manual,board_captures_v2,,330.75,28.0,0.0,68.96462063986141,clean
ml/data/captured_images/capture_2026-04-03_15-46-04.png,19.0,train,224,224,0,0,224,224,112.0,99.9,146.87,159.4,80.0,manual,board_captures_v2,,300.375,19.0,0.0,68.9649686435077,clean
ml/data/raw/PXL_20260125_120159244.jpg,49.0,test,3472,4624,406.0,1345.0,2614.0,3480.0,1544.5,2322.0,2109.0,2763.8,986.9100000000001,manual,gauge_1_batch_7.zip,,38.0481,47.9402,1.0598,716.8316,clean
ml/data/raw/PXL_20260125_115159520.jpg,-7.5,train,3472,4624,0.0,504.0,3035.0,3663.0,1534.6,2179.6,675.6,1472.8,1435.81,manual,gauge_1_batch_3.zip,,219.4481,-4.9783,2.5217,1112.4061,clean
ml/data/raw/PXL_20260125_120157736.jpg,49.0,train,3472,4624,129.0,1723.0,2318.0,3901.0,1264.7,2783.4,1858.6,3181.0,992.315,manual,gauge_1_batch_7.zip,,33.8012,46.6818,2.3182,714.7048,clean
ml/data/captured_images/capture_0c_preview.png,0.0,train,224,224,0,0,224,224,112.0,99.9,73.68,157.25,80.0,manual,board_captures_v2,,236.25,0.0,0.0,68.97423359487222,clean
ml/data/raw/PXL_20260125_115612552.jpg,15.0,test,3472,4624,901.0,1526.0,2526.0,3156.0,1721.2,2361.3,1937.2,1855.7,740.025,manual,gauge_1_batch_4.zip,,293.1329,16.8542,1.8542,549.8067,clean
ml/data/captured_images/capture_2026-04-03_11-43-02.png,0.0,val,224,224,0,0,224,224,112.0,99.9,60.0,100.0,80.0,manual,board_captures_v2,,236.25,0.0,0.0,52.000096153757255,clean
ml/data/captured_images/capture_2026-04-15_11-28-02.png,0.0,train,224,224,0,0,224,224,112.0,99.9,65.0,100.0,80.0,manual,board_captures_v2,,236.25,0.0,0.0,47.00010638285833,clean
ml/data/captured_images/capture_2026-04-18_13-18-53.png,32.0,train,224,224,0,0,224,224,112.0,99.9,140.0,70.0,80.0,manual,board_captures_v2,,344.25,32.0,0.0,40.96352035653186,clean
ml/data/captured_images/capture_p35c_preview.png,35.0,train,224,224,0,0,224,224,112.0,99.9,180.63,106.66,80.0,manual,board_captures_v2,,354.375,35.0,0.0,68.96212366219589,clean
ml/data/raw/PXL_20260125_114556873.jpg,-29.0,train,3472,4624,50.0,736.0,2822.0,4305.0,1174.3,2472.1,511.5,2929.3,1440.895,manual,gauge_1_batch_1.zip,,145.4021,-26.9179,2.0821,805.1929,clean
ml/data/raw/PXL_20260125_114554365.jpg,-29.0,train,3472,4624,498.0,565.0,2936.0,3515.0,1739.2,1864.2,832.2,2287.9,1224.5,manual,gauge_1_batch_1.zip,,154.9606,-24.0857,4.9143,1001.0848,clean
ml/data/captured_images/capture_m25c.jpg,-25.0,train,1323,1762,0,0,1323,1762,661.5,785.85,183.06,530.12,80.0,manual,board_captures_v2,,151.875,-25.0,0.0,542.4966972249692,clean
ml/data/raw/PXL_20260125_115652848.jpg,15.0,train,3472,4624,340.0,1497.0,3077.0,4148.0,1701.5,2822.7,2010.8,1958.8,1224.685,manual,gauge_1_batch_5.zip,,289.6988,15.8367,0.8367,917.6000,clean
ml/data/raw/PXL_20260125_120215279.jpg,49.0,train,3472,4624,492.0,2096.0,2634.0,4079.0,1549.4,3131.9,2079.5,3529.5,937.655,manual,gauge_1_batch_7.zip,,36.8716,47.5916,1.4084,662.6400,clean
ml/data/raw/PXL_20260125_120105434.jpg,37.5,test,3472,4624,570.0,1532.0,2233.0,3999.0,1230.4,2744.2,1873.4,2719.7,938.785,manual,gauge_1_batch_6.zip,,357.8179,36.0201,1.4799,643.4666,clean
ml/data/captured_images/capture_2026-05-27_16-26-51.png,0.0,train,224,224,0,0,224,224,112.0,99.9,65.0,95.0,80.0,manual,board_captures_v2,,236.25,0.0,0.0,47.2547352124631,clean
ml/data/captured_images/capture_m10c_preview.png,-10.0,train,224,224,0,0,224,224,112.0,99.9,48.28,126.3,80.0,manual,board_captures_v2,,202.5,-10.0,0.0,68.97244667256628,clean
ml/data/raw/PXL_20260125_115222662.jpg,-7.5,train,3472,4624,130.0,1281.0,3321.0,4510.0,1765.3,2862.0,1024.1,2130.6,1459.135,manual,gauge_1_batch_3.zip,,224.6187,-3.4463,4.0537,1041.3085,clean
ml/data/captured_images/capture_2026-04-19_12-56-02.png,30.0,val,224,224,0,0,224,224,112.0,99.9,138.0,72.0,80.0,manual,board_captures_v2,,337.5,30.0,0.0,38.1367277044059,clean
ml/data/raw/PXL_20260125_120200165.jpg,49.0,val,3472,4624,458.0,1609.0,2558.0,3672.0,1470.8,2552.7,2015.7,2960.1,946.385,manual,gauge_1_batch_7.zip,,36.7840,47.5656,1.4344,680.3608,clean
ml/data/raw/PXL_20260125_114536986.jpg,-29.0,test,3472,4624,185.0,645.0,2837.0,3781.0,1320.12,2262.11,654.79,2633.58,1315.475,manual,gauge_1_batch_1.zip,,150.8243,-25.3113,3.6887,762.0065,clean
ml/data/raw/PXL_20260125_115118563.jpg,-7.5,train,3472,4624,0.0,1094.0,2613.0,3676.0,1392.2,2284.3,693.6,1746.5,1187.565,manual,gauge_1_batch_2.zip,,217.5900,-5.5289,1.9711,881.6296,clean
ml/data/raw/PXL_20260125_120027821.jpg,37.5,train,3472,4624,649.0,1495.0,2577.0,3418.0,1652.6,2395.7,2246.5,2493.9,874.9649999999999,manual,gauge_1_batch_6.zip,,9.3888,39.4485,1.9485,601.9638,clean
ml/data/raw/PXL_20260125_120205038.jpg,49.0,train,3472,4624,377.0,1660.0,2081.0,3876.0,1367.7,2773.6,1735.9,3068.1,890.9000000000001,manual,gauge_1_batch_7.zip,,38.6541,48.1197,0.8803,471.4886,clean
ml/data/captured_images/capture_0073.png,46.0,train,224,224,0,0,224,224,112.0,99.9,170.8,63.87,80.0,manual,board_captures_v2,,31.5,46.0,0.0,68.96086498877463,clean
ml/data/raw/PXL_20260125_120225344.jpg,49.0,test,3472,4624,956.0,3202.0,2260.0,4624.0,1598.5,3868.2,1981.3,4133.3,620.885,manual,gauge_1_batch_7.zip,,34.7037,46.9492,2.0508,465.6327,clean
ml/data/raw/PXL_20260125_115207208.jpg,-7.5,train,3472,4624,183.0,1388.0,3135.0,3852.0,1510.1,2503.6,975.0,2007.8,1231.0500000000002,manual,gauge_1_batch_3.zip,,222.8168,-3.9802,3.5198,729.4859,clean
ml/data/raw/PXL_20260125_115209157.jpg,-7.5,test,3472,4624,315.0,1810.0,3089.0,4104.0,1618.1,2783.4,1215.6,2346.5,1151.9,manual,gauge_1_batch_3.zip,,227.3468,-2.6380,4.8620,594.0437,clean
ml/data/raw/PXL_20260125_120028768.jpg,37.5,train,3472,4624,636.0,1812.0,2418.0,3405.0,1520.0,2543.0,2074.7,2616.6,766.9849999999999,manual,gauge_1_batch_6.zip,,7.5581,38.9061,1.4061,559.5615,clean
ml/data/raw/PXL_20260125_115325407.jpg,5.0,test,3472,4624,0.0,1375.0,2501.0,3950.0,1249.9,2557.6,994.7,1855.7,1173.2,manual,gauge_1_batch_3.zip,,250.0195,4.0799,0.9201,746.8538,clean
ml/data/raw/PXL_20260125_115324736.jpg,5.0,train,3472,4624,258.0,1582.0,2796.0,4190.0,1593.5,2842.3,1362.8,2002.9,1169.5,manual,gauge_1_batch_3.zip,,254.6323,5.4466,0.4466,870.5256,clean
ml/data/raw/PXL_20260125_120001250.jpg,37.5,train,3472,4624,644.0,1340.0,2129.0,2846.0,1362.9,2106.1,1809.6,2066.8,679.86,manual,gauge_1_batch_6.zip,,354.9721,35.1769,2.3231,448.4254,clean
ml/data/raw/PXL_20260125_120216879.jpg,49.0,train,3472,4624,878.0,1870.0,2845.0,4130.0,1731.0,2950.3,2275.9,3554.1,960.56,manual,gauge_1_batch_7.zip,,47.9353,50.8697,1.8697,813.3206,clean
ml/data/raw/PXL_20260125_115539262.jpg,15.0,train,3472,4624,864.0,1370.0,2754.0,3744.0,1686.8,2488.9,1942.1,1723.1,969.05,manual,gauge_1_batch_4.zip,,288.4372,15.4629,0.4629,807.2346,clean
ml/data/captured_images/capture_2026-04-20_16-01-36.png,30.0,train,224,224,0,0,224,224,112.0,99.9,138.0,72.0,80.0,manual,board_captures_v2,,337.5,30.0,0.0,38.1367277044059,clean
ml/data/raw/PXL_20260125_120201091.jpg,49.0,train,3472,4624,709.0,1371.0,2488.0,3742.0,1470.8,2518.3,2010.8,3048.5,943.26,manual,gauge_1_batch_7.zip,,44.4753,49.8445,0.8445,756.7774,clean
ml/data/raw/PXL_20260125_115200210.jpg,-7.5,train,3472,4624,0.0,607.0,2914.0,3447.0,1549.4,2096.2,778.7,1467.9,1309.415,manual,gauge_1_batch_3.zip,,219.1881,-5.0554,2.4446,994.3537,clean
ml/data/captured_images/capture_p42c.jpg,42.0,train,1445,1925,0,0,1445,1925,722.5,858.55,1286.18,675.4,80.0,manual,board_captures_v2,,18.0,42.0,0.0,592.6879996254354,clean
ml/data/raw/PXL_20260125_120252819.jpg,49.0,val,3472,4624,744.0,1509.0,2519.0,3326.0,1598.5,2410.4,2099.1,2758.9,816.095,manual,gauge_1_batch_7.zip,,34.8443,46.9909,2.0091,609.9612,clean
ml/data/captured_images/capture_2026-04-22_07-22-58.png,28.0,train,224,224,0,0,224,224,112.0,99.9,172.17,133.6,80.0,manual,board_captures_v2,,330.75,28.0,0.0,68.96462063986141,clean
ml/data/raw/PXL_20260125_115659911.jpg,15.0,train,3472,4624,388.0,1499.0,2921.0,4150.0,1598.5,2837.4,1937.2,2022.6,1178.085,manual,gauge_1_batch_5.zip,,292.5719,16.6880,1.6880,882.3926,clean
ml/data/raw/PXL_20260125_120207449.jpg,49.0,train,3472,4624,292.0,1677.0,2460.0,3832.0,1441.4,2754.0,1937.2,3195.7,982.385,manual,gauge_1_batch_7.zip,,41.6973,49.0214,0.0214,664.0155,clean
ml/data/raw/PXL_20260125_115038687.jpg,-17.5,train,3472,4624,0.0,1306.0,2948.0,4339.0,1503.1,2816.5,438.6,2755.6,1379.23,manual,gauge_1_batch_2.zip,,183.2743,-15.6965,1.8035,1066.2406,clean
ml/data/raw/PXL_20260125_120030971.jpg,37.5,train,3472,4624,862.0,1173.0,2374.0,2680.0,1623.1,1929.4,2104.2,1953.9,685.99,manual,gauge_1_batch_6.zip,,2.9153,37.5304,0.0304,481.7234,clean
ml/data/raw/PXL_20260125_114914961.jpg,-17.5,test,3472,4624,109.0,669.0,3470.0,3800.0,1841.3,2439.5,671.4,2378.5,1475.645,manual,gauge_1_batch_2.zip,,182.9848,-15.7823,1.7177,1171.4892,clean
ml/data/raw/PXL_20260125_115150021.jpg,-7.5,val,3472,4624,446.0,1036.0,2136.0,2807.0,1249.9,1978.4,837.6,1580.8,786.61,manual,gauge_1_batch_3.zip,,223.9602,-3.6414,3.8586,572.7801,clean
ml/data/captured_images/capture_2026-04-22_07-20-31.png,28.0,train,224,224,0,0,224,224,112.0,99.9,172.17,133.6,80.0,manual,board_captures_v2,,330.75,28.0,0.0,68.96462063986141,clean
ml/data/raw/PXL_20260125_115947232.jpg,37.5,val,3472,4624,522.0,1451.0,2590.0,3589.0,1466.0,2469.4,2182.7,2420.3,955.95,manual,gauge_1_batch_6.zip,,356.0809,35.5054,1.9946,718.3799,clean
ml/data/raw/PXL_20260125_115113912.jpg,-7.5,train,3472,4624,67.0,1073.0,3072.0,4087.0,1619.5,2561.5,798.9,1962.7,1368.145,manual,gauge_1_batch_2.zip,,216.1186,-5.9649,1.5351,1015.8473,clean
ml/data/raw/PXL_20260125_115124744.jpg,-7.5,train,3472,4624,0.0,783.0,3323.0,4405.0,1601.1,2676.1,641.4,1815.5,1657.975,manual,gauge_1_batch_2.zip,,221.8838,-4.2567,3.2433,1289.0525,clean
ml/data/raw/PXL_20260125_115025538.jpg,-17.5,val,3472,4624,95.0,973.0,3179.0,4009.0,1669.4,2522.7,610.4,2384.1,1390.895,manual,gauge_1_batch_2.zip,,187.4564,-14.4574,3.0426,1068.0313,clean
ml/data/raw/PXL_20260125_120041517.jpg,37.5,test,3472,4624,963.0,1973.0,2302.0,3313.0,1632.9,2611.7,2055.1,2616.6,608.685,manual,gauge_1_batch_6.zip,,0.6649,36.8637,0.6363,422.2284,clean
ml/data/raw/PXL_20260125_115149366.jpg,-7.5,train,3472,4624,575.0,1057.0,2184.0,2898.0,1338.3,2002.9,965.2,1580.8,784.16,manual,gauge_1_batch_3.zip,,228.5261,-2.2886,5.2114,563.3578,review
ml/data/raw/PXL_20260125_115632590.jpg,15.0,train,3472,4624,776.0,1342.0,2985.0,3832.0,1740.8,2552.7,2050.1,1796.8,1067.95,manual,gauge_1_batch_5.zip,,292.2535,16.5936,1.5936,816.7321,clean
ml/data/raw/PXL_20260125_115349576.jpg,5.0,val,3472,4624,160.0,1162.0,2860.0,3834.0,1534.6,2547.8,1289.2,1693.7,1221.06,manual,gauge_1_batch_3.zip,,253.9696,5.2502,0.2502,888.6551,clean
ml/data/raw/PXL_20260125_115429504.jpg,5.0,train,3472,4624,0.0,1425.0,2646.0,4077.0,1338.3,2704.9,1141.9,1831.1,1216.135,manual,gauge_1_batch_4.zip,,257.3324,6.2466,1.2466,895.6000,clean
ml/data/captured_images/capture_p45c.png,45.0,train,224,224,0,0,224,224,112.0,99.9,172.82,67.39,80.0,manual,board_captures_v2,,28.125,45.0,0.0,68.9635592178942,clean
ml/data/raw/PXL_20260125_115323183.jpg,5.0,train,3472,4624,402.0,1366.0,2627.0,3591.0,1569.0,2479.1,1357.9,1762.4,1011.21,manual,gauge_1_batch_3.zip,,253.5880,5.1372,0.1372,747.1426,clean
ml/data/raw/PXL_20260125_115759913.jpg,26.5,train,3472,4624,867.0,2414.0,2643.0,4158.0,1750.6,3274.3,2241.5,2965.0,800.11,manual,gauge_1_batch_5.zip,,327.7863,27.1219,0.6219,580.2149,clean
ml/data/raw/PXL_20260125_115335432.jpg,5.0,train,3472,4624,785.0,1078.0,2453.0,3195.0,1549.4,2238.5,1382.5,1467.9,860.22,manual,gauge_1_batch_3.zip,,257.7794,6.3791,1.3791,788.4668,clean
ml/data/raw/PXL_20260125_114541776.jpg,-29.0,train,3472,4624,144.0,462.0,2767.0,3396.0,1619.51,2012.61,832.21,2555.96,1262.75,manual,gauge_1_batch_1.zip,,145.3888,-26.9219,2.0781,956.5932,clean
ml/data/raw/PXL_20260125_114544203.jpg,-29.0,train,3472,4624,0.0,705.0,2662.0,3317.0,1375.4,1950.4,540.2,2398.0,1205.7150000000001,manual,gauge_1_batch_1.zip,,151.8123,-25.0186,3.9814,947.5784,clean
ml/data/raw/PXL_20260125_115357834.jpg,5.0,test,3472,4624,931.0,1135.0,2648.0,2825.0,1814.4,2017.6,1740.8,1394.2,774.35,manual,gauge_1_batch_4.zip,,263.2667,8.0049,3.0049,627.7297,clean
ml/data/captured_images/capture_0075.png,19.0,train,224,224,0,0,224,224,112.0,99.9,146.87,159.4,80.0,manual,board_captures_v2,,300.375,19.0,0.0,68.9649686435077,clean
ml/data/raw/PXL_20260125_115127962.jpg,-7.5,train,3472,4624,325.0,1030.0,1994.0,2644.0,1174.0,1822.0,754.3,1467.0,746.2049999999999,manual,gauge_1_batch_2.zip,,220.2260,-4.7479,2.7521,549.7027,clean
ml/data/captured_images/capture_2026-04-03_15-28-33.png,35.0,train,224,224,0,0,224,224,112.0,99.9,145.0,65.0,80.0,manual,board_captures_v2,,354.375,35.0,0.0,48.03134393289449,clean
ml/data/raw/PXL_20260125_120218515.jpg,49.0,train,3472,4624,443.0,1859.0,2435.0,4102.0,1515.0,2955.2,1961.7,3392.1,962.5,manual,gauge_1_batch_7.zip,,44.3646,49.8117,0.8117,624.8380,clean
ml/data/raw/PXL_20260125_115629884.jpg,15.0,test,3472,4624,477.0,1347.0,2793.0,3669.0,1647.5,2513.4,1937.2,1786.9,1054.1399999999999,manual,gauge_1_batch_5.zip,,291.7402,16.4415,1.4415,782.1306,clean
ml/data/raw/PXL_20260125_115948836.jpg,37.5,val,3472,4624,328.0,1533.0,2450.0,3650.0,1441.5,2577.4,2123.8,2528.3,963.3399999999999,manual,gauge_1_batch_6.zip,,355.8839,35.4471,2.0529,684.0644,clean
ml/data/raw/PXL_20260125_120246531.jpg,49.0,train,3472,4624,1255.0,1258.0,2829.0,3639.0,1897.9,2415.3,2285.7,3038.7,898.88,manual,gauge_1_batch_7.zip,,58.1154,53.8860,4.8860,734.1774,clean
ml/data/raw/PXL_20260125_114843309.jpg,-17.5,train,3472,4624,73.0,1007.0,3205.0,4044.0,1662.6,2371.6,592.9,2383.6,1401.9499999999998,manual,gauge_1_batch_1.zip,,179.3573,-16.8571,0.6429,1069.7673,clean
ml/data/raw/PXL_20260125_114901412.jpg,-17.5,test,3472,4624,227.0,1234.0,3227.0,3779.0,1700.9,2299.8,746.1,2307.0,1260.105,manual,gauge_1_batch_1.zip,,179.5679,-16.7947,0.7053,954.8271,clean
ml/data/raw/PXL_20260125_115538761.jpg,15.0,train,3472,4624,601.0,1393.0,2686.0,3760.0,1510.1,2474.2,1789.9,1757.5,1011.51,manual,gauge_1_batch_4.zip,,291.3257,16.3187,1.3187,769.3809,clean
ml/data/raw/PXL_20260125_115410910.jpg,5.0,train,3472,4624,622.0,1513.0,2323.0,3527.0,1578.8,2542.9,1470.8,1899.8,844.3199999999999,manual,gauge_1_batch_4.zip,,260.4669,7.1754,2.1754,652.1055,clean
ml/data/raw/PXL_20260125_115334057.jpg,5.0,train,3472,4624,925.0,1034.0,2643.0,3225.0,1711.4,2204.2,1505.2,1507.2,888.315,manual,gauge_1_batch_3.zip,,253.5197,5.1170,0.1170,726.8614,clean
ml/data/raw/PXL_20260125_115607703.jpg,15.0,train,3472,4624,1015.0,2495.0,2554.0,4023.0,1775.2,3254.7,1986.2,2793.2,697.0450000000001,manual,gauge_1_batch_4.zip,,294.5701,17.2800,2.2800,507.4478,clean
ml/data/raw/PXL_20260125_115218666.jpg,-7.5,val,3472,4624,0.0,720.0,3322.0,4419.0,1569.0,2493.8,719.8,1664.2,1680.0349999999999,manual,gauge_1_batch_3.zip,,224.3311,-3.5315,3.9685,1187.1718,clean
ml/data/raw/PXL_20260125_115544186.jpg,15.0,train,3472,4624,411.0,1880.0,2506.0,3921.0,1490.5,2788.3,1672.1,2243.5,940.015,manual,gauge_1_batch_4.zip,,288.4349,15.4622,0.4622,574.2696,clean
ml/data/raw/PXL_20260125_120021544.jpg,37.5,val,3472,4624,547.0,1351.0,2713.0,3468.0,1613.3,2454.6,2300.5,2474.3,973.165,manual,gauge_1_batch_6.zip,,1.6421,37.1532,0.3468,687.4823,clean
ml/data/raw/PXL_20260125_120026856.jpg,37.5,train,3472,4624,746.0,1627.0,1942.0,3628.0,1431.7,2636.3,1755.6,2562.6,726.42,manual,gauge_1_batch_6.zip,,347.1812,32.8685,4.6315,332.1790,clean
ml/data/raw/PXL_20260125_115537581.jpg,15.0,val,3472,4624,439.0,1289.0,2934.0,3692.0,1721.2,2400.5,1981.3,1786.9,1113.08,manual,gauge_1_batch_4.zip,,292.9717,16.8064,1.8064,666.4510,clean
ml/data/raw/PXL_20260125_115741590.jpg,26.5,train,3472,4624,604.0,1315.0,2656.0,3269.0,1647.5,2371.1,2197.3,1948.9,910.53,manual,gauge_1_batch_5.zip,,322.4788,25.5493,0.9507,693.2048,clean
ml/data/raw/PXL_20260125_115343746.jpg,5.0,val,3472,4624,806.0,1160.0,2518.0,2840.0,1667.2,2032.4,1569.0,1413.9,770.715,manual,gauge_1_batch_3.zip,,260.9784,7.3269,2.3269,626.2471,clean
ml/data/captured_images/capture_2026-04-22_07-30-52.png,28.0,val,224,224,0,0,224,224,112.0,99.9,172.17,133.6,80.0,manual,board_captures_v2,,330.75,28.0,0.0,68.96462063986141,clean
ml/data/captured_images/capture_2026-04-19_18-53-38.png,35.0,train,224,224,0,0,224,224,112.0,99.9,142.0,68.0,80.0,manual,board_captures_v2,,354.375,35.0,0.0,43.7905240891223,clean
ml/data/raw/PXL_20260125_115742126.jpg,26.5,train,3472,4624,542.0,1606.0,2664.0,3415.0,1623.0,2606.7,2212.0,2228.7,893.385,manual,gauge_1_batch_5.zip,,327.3090,26.9805,0.4805,699.8607,clean
ml/data/raw/PXL_20260125_115545411.jpg,15.0,train,3472,4624,396.0,2007.0,2545.0,3805.0,1485.6,2758.9,1711.4,2307.3,897.09,manual,gauge_1_batch_4.zip,,296.5651,17.8711,2.8711,504.9041,clean
ml/data/raw/PXL_20260125_120214176.jpg,49.0,test,3472,4624,517.0,2242.0,2618.0,4311.0,1529.7,3239.9,2030.4,3745.5,947.6,manual,gauge_1_batch_7.zip,,45.2790,50.0827,1.0827,711.5700,clean
ml/data/raw/PXL_20260125_114517176.jpg,-29.0,train,3472,4624,0.0,1004.0,3348.0,4267.0,1680.5,2727.8,754.59,3276.72,1505.125,manual,gauge_1_batch_1.zip,,149.3387,-25.7515,3.2485,1076.3933,clean
ml/data/raw/PXL_20260125_114857049.jpg,-17.5,train,3472,4624,269.0,752.0,2776.0,3210.0,1542.9,2022.2,698.2,1962.4,1128.37,manual,gauge_1_batch_1.zip,,184.0495,-15.4668,2.0332,846.8141,clean
ml/data/raw/PXL_20260125_114524322.jpg,-29.0,train,3472,4624,903.0,838.0,3269.0,3590.0,1885.64,2217.75,1281.31,2572.59,1163.225,manual,gauge_1_batch_1.zip,,149.5801,-25.6800,3.3200,700.8039,clean
ml/data/raw/PXL_20260125_115413920.jpg,5.0,train,3472,4624,683.0,1672.0,2665.0,3368.0,1677.0,2430.0,1544.5,1968.6,835.74,manual,gauge_1_batch_4.zip,,253.9775,5.2526,0.2526,480.0481,clean
ml/data/raw/PXL_20260125_115554156.jpg,15.0,train,3472,4624,477.0,1372.0,2351.0,3187.0,1441.4,2272.9,1637.7,1718.2,838.1700000000001,manual,gauge_1_batch_4.zip,,289.4881,15.7743,0.7743,588.4095,clean
ml/data/raw/PXL_20260125_120158598.jpg,49.0,train,3472,4624,378.0,1738.0,2349.0,3716.0,1431.6,2685.2,1922.4,3014.1,897.415,manual,gauge_1_batch_7.zip,,33.8272,46.6896,2.3104,590.8129,clean
ml/data/raw/PXL_20260125_120202164.jpg,49.0,train,3472,4624,296.0,2092.0,2478.0,4353.0,1387.4,3122.1,1917.5,3686.6,1009.95,manual,gauge_1_batch_7.zip,,46.8000,50.5333,1.5333,774.3812,clean
ml/data/captured_images/capture_p31c.jpg,31.0,train,1395,1858,0,0,1395,1858,697.5,828.67,1237.98,1016.09,80.0,manual,board_captures_v2,,340.875,31.0,0.0,572.0532202514029,clean
ml/data/raw/PXL_20260125_120200715.jpg,49.0,train,3472,4624,656.0,1456.0,2595.0,3624.0,1529.7,2488.9,2089.3,2925.8,933.4649999999999,manual,gauge_1_batch_7.zip,,37.9804,47.9201,1.0799,709.9534,clean
ml/data/raw/PXL_20260125_115354940.jpg,5.0,val,3472,4624,952.0,1368.0,2809.0,3236.0,1902.8,2322.0,1760.4,1683.9,846.75,manual,gauge_1_batch_4.zip,,257.4199,6.2726,1.2726,653.7961,clean
ml/data/raw/PXL_20260125_115737064.jpg,26.5,train,3472,4624,246.0,1465.0,2675.0,3630.0,1485.6,2430.0,2138.4,2061.8,1044.325,manual,gauge_1_batch_5.zip,,330.5756,27.9483,1.4483,749.4792,clean
ml/data/raw/PXL_20260125_115617076.jpg,15.0,train,3472,4624,1036.0,1718.0,2656.0,3327.0,1819.3,2582.2,2020.6,2037.3,733.835,manual,gauge_1_batch_5.zip,,290.2755,16.0076,1.0076,580.8939,clean
ml/data/raw/PXL_20260125_120220792.jpg,49.0,test,3472,4624,540.0,2032.0,2763.0,3852.0,1657.4,2803.1,2256.2,3215.4,918.9549999999999,manual,gauge_1_batch_7.zip,,34.5491,46.9034,2.0966,727.0163,clean
ml/data/raw/PXL_20260125_115800564.jpg,26.5,train,3472,4624,794.0,2325.0,2457.0,3977.0,1613.2,3146.7,2064.8,2837.4,753.46,manual,gauge_1_batch_5.zip,,325.5928,26.4719,0.0281,547.3656,clean
ml/data/raw/PXL_20260125_115807658.jpg,26.5,train,3472,4624,820.0,1417.0,2553.0,3167.0,1632.8,2326.9,2099.1,2022.6,791.51,manual,gauge_1_batch_5.zip,,326.8722,26.8510,0.3510,556.8071,clean
ml/data/raw/PXL_20260125_115325972.jpg,5.0,val,3472,4624,377.0,1210.0,3114.0,3855.0,1750.6,2464.3,1490.5,1674.0,1223.515,manual,gauge_1_batch_3.zip,,251.7828,4.6023,0.3977,832.0013,clean
ml/data/raw/PXL_20260125_114611913.jpg,-29.0,train,3472,4624,84.0,700.0,3434.0,4080.0,1863.6,2386.0,832.2,2977.2,1529.745,manual,gauge_1_batch_1.zip,,150.1786,-25.5026,3.4974,1188.8244,clean
ml/data/raw/PXL_20260125_114901695.jpg,-17.5,train,3472,4624,266.0,1288.0,3168.0,3762.0,1710.5,2319.0,750.8,2326.2,1221.915,manual,gauge_1_batch_1.zip,,179.5702,-16.7940,0.7060,959.7270,clean
ml/data/raw/PXL_20260125_115144597.jpg,-7.5,train,3472,4624,542.0,1126.0,2551.0,3188.0,1569.0,2184.55,1048.68,1728.04,925.31,manual,gauge_1_batch_3.zip,,221.2625,-4.4407,3.0593,692.1953,clean
ml/data/captured_images/capture_2026-04-22_07-19-17.png,28.0,train,224,224,0,0,224,224,112.0,99.9,172.17,133.6,80.0,manual,board_captures_v2,,330.75,28.0,0.0,68.96462063986141,clean
ml/data/raw/PXL_20260125_114908265.jpg,-17.5,train,3472,4624,204.0,422.0,3173.0,3547.0,1839.7,2017.4,736.5,2015.1,1384.845,manual,gauge_1_batch_1.zip,,180.1195,-16.6313,0.8687,1103.2024,clean
ml/data/raw/PXL_20260125_115738263.jpg,26.5,train,3472,4624,664.0,1467.0,2710.0,3831.0,1583.7,2592.0,2202.2,2086.4,1002.2950000000001,manual,gauge_1_batch_5.zip,,320.7353,25.0327,1.4673,798.8577,clean
ml/data/raw/PXL_20260125_115635063.jpg,15.0,train,3472,4624,1148.0,1584.0,2633.0,3274.0,1829.2,2425.1,2005.9,1904.8,721.565,manual,gauge_1_batch_5.zip,,288.7581,15.5580,0.5580,549.4861,clean
ml/data/raw/PXL_20260125_120203460.jpg,49.0,train,3472,4624,680.0,1504.0,2260.0,3654.0,1539.5,2680.3,1976.4,2911.0,847.9649999999999,manual,gauge_1_batch_7.zip,,27.8358,44.9143,4.0857,494.0689,clean
ml/data/raw/PXL_20260125_115944522.jpg,37.5,train,3472,4624,515.0,1420.0,2637.0,3537.0,1632.92,2430.09,2310.32,2420.27,963.3399999999999,manual,gauge_1_batch_6.zip,,359.1695,36.4206,1.0794,677.4712,clean
ml/data/raw/PXL_20260125_115551028.jpg,15.0,train,3472,4624,293.0,1361.0,2177.0,3203.0,1249.9,2258.2,1451.2,1713.3,846.755,manual,gauge_1_batch_4.zip,,290.2755,16.0076,1.0076,580.8939,clean
ml/data/raw/PXL_20260125_115605315.jpg,15.0,train,3472,4624,517.0,916.0,2871.0,3260.0,1706.4,2145.3,2005.9,1428.6,1067.665,manual,gauge_1_batch_4.zip,,292.6794,16.7198,1.7198,776.7620,clean
ml/data/raw/PXL_20260125_115829399.jpg,26.5,val,3472,4624,83.0,819.0,2951.0,3627.0,1564.1,2287.6,2354.4,1782.0,1289.755,manual,gauge_1_batch_5.zip,,327.3906,27.0046,0.5046,938.1927,clean
ml/data/captured_images/capture_p15c.jpg,15.0,train,1306,1739,0,0,1306,1739,653.0,775.59,808.42,1287.96,80.0,manual,board_captures_v2,,286.875,15.0,0.0,535.4235643861783,clean
ml/data/raw/PXL_20260125_115125409.jpg,-7.5,test,3472,4624,0.0,606.0,3222.0,4039.0,1625.6,2357.0,715.1,1545.5,1559.9450000000002,manual,gauge_1_batch_2.zip,,221.7096,-4.3083,3.1917,1219.6485,clean
ml/data/raw/PXL_20260125_120021074.jpg,37.5,train,3472,4624,612.0,1391.0,2805.0,3507.0,1677.1,2498.8,2374.1,2557.7,979.29,manual,gauge_1_batch_6.zip,,4.8303,38.0979,0.5979,699.4842,clean
ml/data/raw/PXL_20260125_115204481.jpg,-7.5,train,3472,4624,0.0,1363.0,2870.0,3832.0,1357.9,2425.1,788.5,2027.5,1213.495,manual,gauge_1_batch_3.zip,,214.9258,-6.3183,1.1817,694.4797,clean
ml/data/raw/PXL_20260125_120228422.jpg,49.0,train,3472,4624,963.0,2846.0,2289.0,4342.0,1598.5,3544.3,1956.8,3829.0,641.24,manual,gauge_1_batch_7.zip,,38.4701,48.0652,0.9348,457.6385,clean
ml/data/raw/PXL_20260125_120122658.jpg,37.5,train,3472,4624,343.0,1708.0,2324.0,3697.0,1353.0,2695.1,1966.6,2670.5,902.185,manual,gauge_1_batch_7.zip,,357.7042,35.9864,1.5136,614.0929,clean
ml/data/raw/PXL_20260125_115811049.jpg,26.5,train,3472,4624,860.0,2174.0,2366.0,3637.0,1613.2,2911.0,2005.9,2700.0,674.9549999999999,manual,gauge_1_batch_5.zip,,331.7506,28.2965,1.7965,445.7962,clean
ml/data/captured_images/capture_2026-04-22_07-41-14.png,28.0,train,224,224,0,0,224,224,112.0,99.9,172.17,133.6,80.0,manual,board_captures_v2,,330.75,28.0,0.0,68.96462063986141,clean
ml/data/raw/PXL_20260125_115946532.jpg,37.5,test,3472,4624,195.0,1481.0,2493.0,3453.0,1362.9,2336.8,2109.1,2292.6,970.655,manual,gauge_1_batch_6.zip,,356.6101,35.6623,1.8377,747.5079,clean
ml/data/raw/PXL_20260125_120159765.jpg,49.0,val,3472,4624,416.0,1399.0,2645.0,3420.0,1559.2,2307.3,2138.4,2734.3,966.205,manual,gauge_1_batch_7.zip,,36.3985,47.4514,1.5486,719.5844,clean
ml/data/raw/PXL_20260125_120227628.jpg,49.0,train,3472,4624,916.0,2904.0,2210.0,4351.0,1554.3,3593.4,1888.1,3863.3,623.0699999999999,manual,gauge_1_batch_7.zip,,38.9579,48.2097,0.7903,429.2650,clean
ml/data/raw/PXL_20260125_120026205.jpg,37.5,train,3472,4624,877.0,1423.0,2243.0,3497.0,1662.4,2464.5,2064.9,2469.4,781.8199999999999,manual,gauge_1_batch_6.zip,,0.6975,36.8733,0.6267,402.5298,clean
ml/data/raw/PXL_20260125_115240763.jpg,-7.5,val,3472,4624,836.0,1178.0,2262.0,2576.0,1539.6,1880.2,1220.5,1580.8,641.835,manual,gauge_1_batch_3.zip,,223.1757,-3.8739,3.6261,437.5673,clean
ml/data/raw/PXL_20260125_114941106.jpg,-17.5,train,3472,4624,0.0,431.0,3338.0,4057.0,1625.1,2267.7,355.4,2223.3,1656.2350000000001,manual,gauge_1_batch_2.zip,,182.0028,-16.0733,1.4267,1270.4761,clean
ml/data/raw/PXL_20260125_114954780.jpg,-17.5,val,3472,4624,0.0,1032.0,2684.0,3975.0,1453.2,2483.9,388.7,2472.8,1318.255,manual,gauge_1_batch_2.zip,,180.5974,-16.4897,1.0103,1064.5579,clean
ml/data/raw/PXL_20260125_115551677.jpg,15.0,val,3472,4624,450.0,1363.0,2334.0,3269.0,1416.8,2322.0,1627.9,1767.3,861.4949999999999,manual,gauge_1_batch_4.zip,,290.8351,16.1734,1.1734,593.5110,clean
ml/data/raw/PXL_20260125_114527337.jpg,-29.0,val,3472,4624,898.0,1030.0,3106.0,3732.0,1824.66,2378.54,1286.85,2689.02,1115.8049999999998,manual,gauge_1_batch_1.zip,,150.0020,-25.5550,3.4450,620.9971,clean
ml/data/raw/PXL_20260125_120119590.jpg,37.5,test,3472,4624,333.0,1617.0,2344.0,3603.0,1362.8,2587.1,1971.5,2577.3,908.21,manual,gauge_1_batch_7.zip,,359.0776,36.3934,1.1066,608.7789,clean
ml/data/raw/PXL_20260125_115758313.jpg,26.5,train,3472,4624,615.0,1815.0,2478.0,3623.0,1559.2,2744.1,2089.3,2420.2,834.4749999999999,manual,gauge_1_batch_5.zip,,328.5744,27.3554,0.8554,621.2224,clean
ml/data/captured_images/capture_2026-04-22_07-36-19.png,28.0,train,224,224,0,0,224,224,112.0,99.9,172.17,133.6,80.0,manual,board_captures_v2,,330.75,28.0,0.0,68.96462063986141,clean
ml/data/captured_images/capture_2026-04-22_07-43-30.png,28.0,train,224,224,0,0,224,224,112.0,99.9,172.17,133.6,80.0,manual,board_captures_v2,,330.75,28.0,0.0,68.96462063986141,clean
ml/data/raw/PXL_20260125_114538442.jpg,-29.0,train,3472,4624,458.0,578.0,2946.0,3774.0,1464.27,2206.66,871.03,2572.59,1291.8400000000001,manual,gauge_1_batch_1.zip,,148.3323,-26.0497,2.9503,697.0211,clean
ml/data/raw/PXL_20260125_120024549.jpg,37.5,train,3472,4624,967.0,1453.0,2353.0,3322.0,1559.3,2385.9,2094.3,2292.6,739.8900000000001,manual,gauge_1_batch_6.zip,,350.1075,33.7356,3.7644,543.0745,clean
ml/data/raw/PXL_20260125_115344951.jpg,5.0,train,3472,4624,806.0,1123.0,2366.0,2705.0,1618.1,1948.9,1500.3,1379.5,714.235,manual,gauge_1_batch_3.zip,,258.3113,6.5367,1.5367,581.4578,clean
ml/data/captured_images/capture_p30c.png,30.0,train,224,224,0,0,224,224,112.0,99.9,175.72,126.3,80.0,manual,board_captures_v2,,337.5,30.0,0.0,68.97244667256628,clean
ml/data/raw/PXL_20260125_115801313.jpg,26.5,test,3472,4624,669.0,1759.0,2473.0,3557.0,1569.0,2660.7,2059.9,2322.0,818.515,manual,gauge_1_batch_5.zip,,325.3960,26.4136,0.0864,596.4063,clean
ml/data/raw/PXL_20260125_115835956.jpg,26.5,train,3472,4624,24.0,1499.0,2367.0,3821.0,1191.0,2641.1,1760.4,2169.8,1060.25,manual,gauge_1_batch_5.zip,,320.3850,24.9289,1.5711,739.1482,clean
ml/data/raw/PXL_20260125_115237147.jpg,-7.5,test,3472,4624,466.0,1008.0,3069.0,3562.0,1789.9,2336.7,1117.4,1762.4,1171.975,manual,gauge_1_batch_3.zip,,220.4966,-4.6677,2.8323,884.3510,clean
ml/data/raw/PXL_20260125_114552322.jpg,-29.0,train,3472,4624,317.0,505.0,2855.0,3439.0,1619.5,1806.8,693.4,2240.0,1243.545,manual,gauge_1_batch_1.zip,,154.9313,-24.0944,4.9056,1022.4106,clean
ml/data/raw/PXL_20260125_115804606.jpg,26.5,train,3472,4624,834.0,1351.0,2588.0,3154.0,1677.0,2268.0,2192.4,1919.5,808.71,manual,gauge_1_batch_5.zip,,325.9345,26.5732,0.0732,622.1651,clean
ml/data/captured_images/today_converted/capture_2026-04-09_06-51-13.png,30.0,train,224,224,0,0,224,224,112.0,99.9,175.72,126.3,80.0,manual,board_captures_v2,,337.5,30.0,0.0,68.97244667256628,clean
ml/data/raw/PXL_20260125_115344301.jpg,5.0,train,3472,4624,869.0,1234.0,2391.0,2741.0,1662.3,2007.8,1539.5,1487.5,688.4749999999999,manual,gauge_1_batch_3.zip,,256.7202,6.0652,1.0652,534.5951,clean
ml/data/captured_images/capture_m10c.jpg,-10.0,train,1372,1827,0,0,1372,1827,686.0,814.84,166.31,1030.11,80.0,manual,board_captures_v2,,202.5,-10.0,0.0,562.5112167770524,clean
ml/data/captured_images/capture_2026-04-19_18-23-05.png,22.0,train,224,224,0,0,224,224,112.0,99.9,125.0,85.0,80.0,manual,board_captures_v2,,310.5,22.0,0.0,19.77397279253717,clean
ml/data/raw/PXL_20260125_115953604.jpg,37.5,train,3472,4624,785.0,1514.0,2411.0,3193.0,1564.2,2346.6,2118.9,2322.1,751.025,manual,gauge_1_batch_6.zip,,357.4710,35.9173,1.5827,555.2408,clean
ml/data/raw/PXL_20260125_120215842.jpg,49.0,train,3472,4624,511.0,2061.0,2683.0,4129.0,1583.7,3112.3,2089.3,3509.9,963.73,manual,gauge_1_batch_7.zip,,38.1812,47.9796,1.0204,643.2085,clean
ml/data/raw/PXL_20260125_115128514.jpg,-7.5,test,3472,4624,433.0,877.0,2266.0,2784.0,1336.0,1826.9,911.4,1417.9,850.05,manual,gauge_1_batch_2.zip,,223.9279,-3.6510,3.8490,589.5474,clean
ml/data/captured_images/capture_0007.png,18.0,train,224,224,0,0,224,224,112.0,99.9,143.31,161.35,80.0,manual,board_captures_v2,,297.0,18.0,0.0,68.96679345888134,clean
ml/data/raw/PXL_20260125_115944074.jpg,37.5,train,3472,4624,315.0,1249.0,2675.0,3620.0,1544.5,2444.7,2261.1,2400.5,1075.0,manual,gauge_1_batch_5.zip,,356.4705,35.6209,1.8791,717.9618,clean
ml/data/raw/PXL_20260125_120241619.jpg,49.0,val,3472,4624,414.0,1333.0,2776.0,3680.0,1598.5,2493.8,2236.6,2940.5,1070.35,manual,gauge_1_batch_7.zip,,34.9938,47.0352,1.9648,778.9175,clean
ml/data/raw/PXL_20260125_114923491.jpg,-17.5,val,3472,4624,166.0,913.0,2748.0,3555.0,1492.0,2167.9,632.6,2073.6,1187.05,manual,gauge_1_batch_2.zip,,186.2619,-14.8113,2.6887,864.5582,clean
ml/data/raw/PXL_20260125_114606035.jpg,-29.0,test,3472,4624,134.0,1035.0,3000.0,3847.0,1586.0,2481.7,779.6,2977.2,1290.295,manual,gauge_1_batch_1.zip,,148.4310,-26.0205,2.9795,946.4678,clean
ml/data/captured_images/capture_2026-04-22_07-42-17.png,28.0,train,224,224,0,0,224,224,112.0,99.9,172.17,133.6,80.0,manual,board_captures_v2,,330.75,28.0,0.0,68.96462063986141,clean
ml/data/raw/PXL_20260125_120020529.jpg,37.5,test,3472,4624,614.0,1018.0,2828.0,3134.0,1755.6,2125.7,2428.1,2209.2,984.2,manual,gauge_1_batch_6.zip,,7.0778,38.7638,1.2638,677.6640,clean
ml/data/raw/PXL_20260125_115145405.jpg,-7.5,train,3472,4624,626.0,1303.0,2457.0,3144.0,1593.5,2292.5,1107.6,1855.7,834.5250000000001,manual,gauge_1_batch_3.zip,,221.9540,-4.2359,3.2641,653.3705,clean
ml/data/raw/PXL_20260125_115958760.jpg,37.5,train,3472,4624,652.0,1363.0,2132.0,2843.0,1377.7,2111.0,1868.5,2076.7,672.49,manual,gauge_1_batch_6.zip,,356.0023,35.4822,2.0178,491.9971,clean
ml/data/raw/PXL_20260125_115126158.jpg,-7.5,val,3472,4624,525.0,1536.0,1892.0,2982.0,1257.5,2268.7,911.5,1928.4,638.9549999999999,manual,gauge_1_batch_2.zip,,224.5241,-3.4743,4.0257,485.3041,clean
ml/data/raw/PXL_20260125_114532964.jpg,-29.0,train,3472,4624,316.0,1031.0,3005.0,3642.0,1652.78,2445.07,893.2,2811.0,1204.53,manual,gauge_1_batch_1.zip,,154.2774,-24.2882,4.7118,843.1290,clean
ml/data/raw/PXL_20260125_114653836.jpg,-29.0,test,3472,4624,392.0,592.0,3306.0,3450.0,1868.4,2113.1,1090.7,2675.6,1311.9050000000002,manual,gauge_1_batch_1.zip,,144.1223,-27.2971,1.7029,959.8039,clean
ml/data/raw/PXL_20260125_120204151.jpg,49.0,train,3472,4624,503.0,1638.0,2603.0,3707.0,1564.1,2700.0,2089.3,3068.1,947.6,manual,gauge_1_batch_7.zip,,35.0257,47.0446,1.9554,641.3522,clean
ml/data/raw/PXL_20260125_115552985.jpg,15.0,train,3472,4624,457.0,1231.0,2293.0,3024.0,1426.7,2120.7,1598.5,1580.8,824.6800000000001,manual,gauge_1_batch_4.zip,,287.6514,15.2301,0.2301,566.5750,clean
ml/data/raw/PXL_20260125_115611830.jpg,15.0,train,3472,4624,922.0,1584.0,2515.0,3172.0,1716.3,2400.5,1942.1,1894.9,722.815,manual,gauge_1_batch_4.zip,,294.0654,17.1305,2.1305,553.7301,clean
ml/data/raw/PXL_20260125_114751509.jpg,-29.0,train,3472,4624,60.0,958.0,3042.0,3924.0,1542.9,2409.9,770.0,3068.1,1351.7,manual,gauge_1_batch_1.zip,,139.5824,-28.6423,0.3577,1015.1855,clean
ml/data/raw/PXL_20260125_115537100.jpg,15.0,train,3472,4624,357.0,1233.0,2819.0,3679.0,1618.1,2415.3,1878.3,1713.3,1115.525,manual,gauge_1_batch_4.zip,,290.3375,16.0259,1.0259,748.6708,clean
ml/data/raw/PXL_20260125_115751745.jpg,26.5,train,3472,4624,0.0,1608.0,1997.0,3746.0,901.4,2660.7,1510.1,2248.4,958.385,manual,gauge_1_batch_5.zip,,325.8884,26.5595,0.0595,735.1918,clean
ml/data/raw/PXL_20260125_115357253.jpg,5.0,train,3472,4624,979.0,1207.0,2605.0,2837.0,1799.7,2037.3,1721.2,1463.0,739.985,manual,gauge_1_batch_4.zip,,262.2166,7.6938,2.6938,579.6402,clean
ml/data/raw/PXL_20260125_115146294.jpg,-7.5,val,3472,4624,605.0,1259.0,2306.0,2922.0,1490.5,2130.6,1048.68,1728.04,764.585,manual,gauge_1_batch_3.zip,,222.3379,-4.1221,3.3779,597.7119,clean
ml/data/raw/PXL_20260125_120037559.jpg,37.5,test,3472,4624,1044.0,2170.0,2486.0,3612.0,1770.4,2871.9,2261.2,2896.4,655.3,manual,gauge_1_batch_6.zip,,2.8577,37.5134,0.0134,491.4111,clean
ml/data/raw/PXL_20260125_115129083.jpg,-7.5,train,3472,4624,339.0,963.0,2100.0,2968.0,1169.1,1974.2,788.7,1525.9,856.005,manual,gauge_1_batch_2.zip,,229.6841,-1.9455,5.5545,587.9431,review
ml/data/raw/PXL_20260125_115738811.jpg,26.5,train,3472,4624,842.0,1533.0,2742.0,3868.0,1681.9,2650.9,2236.6,2184.6,962.6099999999999,manual,gauge_1_batch_5.zip,,319.9484,24.7995,1.7005,724.6570,clean
ml/data/raw/PXL_20260125_114913726.jpg,-17.5,train,3472,4624,550.0,1001.0,2409.0,3575.0,1530.8,2140.1,654.8,2095.8,1007.4200000000001,manual,gauge_1_batch_2.zip,,182.8950,-15.8089,1.6911,877.1194,clean
ml/data/raw/PXL_20260125_114912923.jpg,-17.5,train,3472,4624,500.0,1140.0,2642.0,3658.0,1636.1,2262.1,760.1,2178.9,1059.22,manual,gauge_1_batch_2.zip,,185.4255,-15.0591,2.4409,879.9422,clean
ml/data/raw/PXL_20260125_115119880.jpg,-7.5,train,3472,4624,127.0,1062.0,2716.0,3870.0,1591.8,2456.2,804.5,1862.9,1226.63,manual,gauge_1_batch_2.zip,,217.0012,-5.7033,1.7967,985.8226,clean
ml/data/raw/PXL_20260125_115802215.jpg,26.5,train,3472,4624,705.0,1081.0,2697.0,3052.0,1711.4,2091.3,2275.9,1737.9,900.76,manual,gauge_1_batch_5.zip,,327.9518,27.1709,0.6709,665.9969,clean
ml/data/raw/PXL_20260125_115949188.jpg,37.5,train,3472,4624,186.0,1543.0,2308.0,3660.0,1348.2,2562.6,1932.3,2503.7,963.3399999999999,manual,gauge_1_batch_6.zip,,354.2418,34.9605,2.5395,587.0622,clean
ml/data/raw/PXL_20260125_115323990.jpg,5.0,train,3472,4624,175.0,1404.0,2761.0,3921.0,1529.7,2650.9,1269.6,1860.6,1159.69,manual,gauge_1_batch_3.zip,,251.7828,4.6023,0.3977,832.0013,clean
ml/data/raw/PXL_20260125_115949522.jpg,37.5,train,3472,4624,378.0,1518.0,2155.0,3635.0,1362.9,2552.8,1848.9,2503.7,884.8,manual,gauge_1_batch_6.zip,,354.2311,34.9573,2.5427,488.4740,clean
ml/data/raw/PXL_20260125_114850916.jpg,-17.5,test,3472,4624,0.0,34.0,2891.0,3151.0,1428.0,1854.6,286.5,1885.8,1426.8400000000001,manual,gauge_1_batch_1.zip,,178.4344,-17.1306,0.3694,1141.9263,clean
ml/data/raw/PXL_20260125_115201566.jpg,-7.5,test,3472,4624,0.0,1513.0,2502.0,3900.0,1264.7,2508.5,641.3,2047.1,1147.425,manual,gauge_1_batch_3.zip,,216.5064,-5.8499,1.6501,775.5756,clean
ml/data/raw/PXL_20260125_120239110.jpg,49.0,train,3472,4624,929.0,1687.0,2328.0,3057.0,1627.9,2371.1,2010.8,2606.7,629.515,manual,gauge_1_batch_7.zip,,31.6042,46.0309,2.9691,449.5773,clean
ml/data/raw/PXL_20260125_115336256.jpg,5.0,train,3472,4624,792.0,1072.0,2450.0,3187.0,1534.6,2164.9,1372.7,1458.1,857.5450000000001,manual,gauge_1_batch_3.zip,,257.0984,6.1773,1.1773,725.1054,clean
ml/data/raw/PXL_20260125_115406833.jpg,5.0,train,3472,4624,511.0,1117.0,3211.0,3860.0,1883.2,2513.4,1667.2,1605.3,1237.04,manual,gauge_1_batch_4.zip,,256.6203,6.0356,1.0356,933.4354,clean
ml/data/raw/PXL_20260125_115946015.jpg,37.5,train,3472,4624,348.0,1616.0,2529.0,3528.0,1475.8,2459.5,2148.4,2439.9,930.1949999999999,manual,gauge_1_batch_6.zip,,358.3308,36.1721,1.3279,672.8855,clean
ml/data/captured_images/capture_2026-04-22_07-18-03.png,28.0,train,224,224,0,0,224,224,112.0,99.9,172.17,133.6,80.0,manual,board_captures_v2,,330.75,28.0,0.0,68.96462063986141,clean
ml/data/raw/PXL_20260125_115543576.jpg,15.0,train,3472,4624,300.0,1515.0,2136.0,3545.0,1333.4,2542.9,1461.0,1934.2,878.6700000000001,manual,gauge_1_batch_4.zip,,281.8393,13.5079,1.4921,621.9304,clean
ml/data/captured_images/capture_p50c_preview.png,50.0,train,224,224,0,0,224,224,112.0,99.9,160.77,51.14,80.0,manual,board_captures_v2,,45.0,50.0,0.0,68.96412473163132,clean
ml/data/raw/PXL_20260125_114848028.jpg,-17.5,train,3472,4624,374.0,730.0,3472.0,4290.0,1763.1,2481.7,880.1,2364.5,1549.06,manual,gauge_1_batch_1.zip,,187.5606,-14.4265,3.0735,890.7440,clean
ml/data/raw/PXL_20260125_115948601.jpg,37.5,val,3472,4624,655.0,1451.0,2620.0,3638.0,1554.4,2528.3,2256.3,2523.4,943.71,manual,gauge_1_batch_6.zip,,359.6000,36.5482,0.9518,701.9171,clean
ml/data/raw/PXL_20260125_114841596.jpg,-17.5,train,3472,4624,131.0,767.0,3433.0,4072.0,1820.6,2443.4,688.6,2431.5,1501.53,manual,gauge_1_batch_1.zip,,180.6023,-16.4882,1.0118,1132.0625,clean
ml/data/captured_images/capture_2026-04-19_16-40-52.png,30.0,train,224,224,0,0,224,224,112.0,99.9,138.0,72.0,80.0,manual,board_captures_v2,,337.5,30.0,0.0,38.1367277044059,clean
ml/data/raw/PXL_20260125_114549307.jpg,-29.0,train,3472,4624,455.0,326.0,2491.0,3133.0,1542.9,1950.4,789.1,2331.0,1100.89,manual,gauge_1_batch_1.zip,,153.2104,-24.6043,4.3957,844.4352,clean
ml/data/captured_images/capture_2026-04-22_07-15-36.png,28.0,train,224,224,0,0,224,224,112.0,99.9,172.17,133.6,80.0,manual,board_captures_v2,,330.75,28.0,0.0,68.96462063986141,clean
ml/data/captured_images/capture_p20c_preview.png,20.0,train,224,224,0,0,224,224,112.0,99.9,150.32,157.25,80.0,manual,board_captures_v2,,303.75,20.0,0.0,68.97423359487222,clean
ml/data/raw/PXL_20260125_114553434.jpg,-29.0,train,3472,4624,658.0,595.0,2631.0,3414.0,1662.6,1845.1,770.0,2158.7,1088.92,manual,gauge_1_batch_1.zip,,160.6419,-22.4024,6.5976,946.0865,review
ml/data/raw/PXL_20260125_115544803.jpg,15.0,train,3472,4624,459.0,2024.0,2560.0,3914.0,1529.7,2852.1,1740.8,2371.1,906.915,manual,gauge_1_batch_4.zip,,293.6956,17.0209,2.0209,525.2849,clean
ml/data/captured_images/capture_2026-04-22_07-25-57.png,28.0,val,224,224,0,0,224,224,112.0,99.9,172.17,133.6,80.0,manual,board_captures_v2,,330.75,28.0,0.0,68.96462063986141,clean
ml/data/raw/PXL_20260125_115239306.jpg,-7.5,test,3472,4624,858.0,1246.0,2240.0,2612.0,1578.8,1963.7,1240.1,1649.5,624.6500000000001,manual,gauge_1_batch_3.zip,,222.8510,-3.9701,3.5299,461.9949,clean
ml/data/captured_images/capture_2026-04-19_13-00-52.png,30.0,train,224,224,0,0,224,224,112.0,99.9,138.0,72.0,80.0,manual,board_captures_v2,,337.5,30.0,0.0,38.1367277044059,clean
ml/data/raw/PXL_20260125_114915707.jpg,-17.5,val,3472,4624,0.0,598.0,3289.0,3664.0,1580.7,2411.8,305.5,2378.5,1518.255,manual,gauge_1_batch_2.zip,,181.4959,-16.2234,1.2766,1275.6347,clean
ml/data/raw/PXL_20260125_115801045.jpg,26.5,val,3472,4624,728.0,2138.0,2429.0,3796.0,1593.5,2960.1,2045.1,2665.6,763.3050000000001,manual,gauge_1_batch_5.zip,,326.8906,26.8565,0.3565,539.1408,clean
ml/data/raw/PXL_20260125_115946935.jpg,37.5,train,3472,4624,492.0,1400.0,2652.0,3667.0,1500.4,2435.0,2256.3,2390.8,1005.965,manual,gauge_1_batch_6.zip,,356.6535,35.6751,1.8249,757.1912,clean
ml/data/raw/PXL_20260125_115757788.jpg,26.5,train,3472,4624,558.0,1877.0,2481.0,3767.0,1529.7,2832.5,2059.9,2484.0,866.39,manual,gauge_1_batch_5.zip,,326.6831,26.7950,0.2950,634.4795,clean
ml/data/raw/PXL_20260125_120220417.jpg,49.0,train,3472,4624,495.0,1892.0,2809.0,4149.0,1701.5,2901.2,2261.1,3421.5,1038.7150000000001,manual,gauge_1_batch_7.zip,,42.9158,49.3825,0.3825,764.1101,clean
ml/data/captured_images/capture_p5c.png,5.0,train,224,224,0,0,224,224,112.0,99.9,91.98,165.9,80.0,manual,board_captures_v2,,253.125,5.0,0.0,68.9695614021142,clean
ml/data/raw/PXL_20260125_115603764.jpg,15.0,train,3472,4624,692.0,838.0,2528.0,2695.0,1627.9,1831.1,1839.0,1256.8,839.37,manual,gauge_1_batch_4.zip,,290.1823,15.9799,0.9799,611.8690,clean
ml/data/raw/PXL_20260125_115143033.jpg,-7.5,train,3472,4624,551.0,738.0,2863.0,3126.0,1718.9,1974.2,1132.3,1447.4,1067.95,manual,gauge_1_batch_2.zip,,221.9256,-4.2443,3.2557,788.4274,clean
ml/data/captured_images/capture_0c.png,0.0,train,224,224,0,0,224,224,112.0,99.9,65.0,95.0,80.0,manual,board_captures_v2,,236.25,0.0,0.0,47.2547352124631,clean
ml/data/captured_images/capture_2026-04-03_13-48-34.png,30.0,train,224,224,0,0,224,224,112.0,99.9,175.72,126.3,80.0,manual,board_captures_v2,,337.5,30.0,0.0,68.97244667256628,clean
ml/data/captured_images/capture_p20.jpg,20.0,train,1411,1879,0,0,1411,1879,705.5,838.03,1026.91,1319.06,80.0,manual,board_captures_v2,,303.75,20.0,0.0,578.5276562101418,clean
ml/data/captured_images/capture_2026-04-22_07-28-25.png,28.0,train,224,224,0,0,224,224,112.0,99.9,172.17,133.6,80.0,manual,board_captures_v2,,330.75,28.0,0.0,68.96462063986141,clean
ml/data/captured_images/capture_2026-04-22_07-16-50.png,28.0,train,224,224,0,0,224,224,112.0,99.9,172.17,133.6,80.0,manual,board_captures_v2,,330.75,28.0,0.0,68.96462063986141,clean
ml/data/raw/PXL_20260125_115129858.jpg,-7.5,train,3472,4624,229.0,1155.0,2168.0,3119.0,1188.7,2160.7,744.5,1683.0,887.21,manual,gauge_1_batch_2.zip,,227.0811,-2.7167,4.7833,652.3120,clean
ml/data/raw/PXL_20260125_120022037.jpg,37.5,val,3472,4624,549.0,1267.0,2671.0,3356.0,1632.9,2297.6,2300.5,2341.7,957.2049999999999,manual,gauge_1_batch_6.zip,,3.7793,37.7865,0.2865,669.0550,clean
ml/data/raw/PXL_20260125_115950638.jpg,37.5,train,3472,4624,444.0,2010.0,2328.0,3517.0,1446.4,2793.3,1952.0,2690.3,770.855,manual,gauge_1_batch_6.zip,,348.4854,33.2549,4.2451,515.9848,clean
ml/data/raw/PXL_20260125_114847037.jpg,-17.5,test,3472,4624,350.0,797.0,3472.0,4145.0,1830.1,2433.8,827.4,2359.7,1513.42,manual,gauge_1_batch_1.zip,,184.2265,-15.4144,2.0856,1005.4343,clean
ml/data/raw/PXL_20260125_114845992.jpg,-17.5,test,3472,4624,276.0,790.0,2899.0,3887.0,1811.0,2328.5,808.3,2402.8,1299.82,manual,gauge_1_batch_1.zip,,175.7621,-17.9223,0.4223,1005.4490,clean
ml/data/raw/PXL_20260125_120052049.jpg,37.5,train,3472,4624,835.0,2438.0,2179.0,3756.0,1495.5,3092.8,1893.1,3063.3,604.995,manual,gauge_1_batch_6.zip,,355.7567,35.4094,2.0906,398.6929,clean
ml/data/raw/PXL_20260125_115028857.jpg,-17.5,train,3472,4624,0.0,903.0,2973.0,4098.0,1408.8,2500.5,300.0,2334.2,1475.33,manual,gauge_1_batch_2.zip,,188.5298,-14.1393,3.3607,1121.2016,clean
ml/data/raw/PXL_20260125_120034080.jpg,37.5,train,3472,4624,856.0,2488.0,2276.0,3854.0,1524.9,3151.7,1883.3,3161.5,633.21,manual,gauge_1_batch_6.zip,,1.5663,37.1308,0.3692,358.5340,clean
ml/data/raw/PXL_20260125_114851923.jpg,-17.5,train,3472,4624,0.0,264.0,3160.0,3102.0,1619.51,2012.61,497.1,1981.5,1386.58,manual,gauge_1_batch_1.zip,,181.5877,-16.1962,1.3038,1122.8411,clean
ml/data/raw/PXL_20260125_114845174.jpg,-17.5,train,3472,4624,0.0,760.0,3037.0,4054.0,1677.0,2371.6,530.7,2441.1,1452.92,manual,gauge_1_batch_1.zip,,176.5304,-17.6947,0.1947,1148.4050,clean
ml/data/captured_images/capture_p25c.jpg,25.0,train,1368,1822,0,0,1368,1822,684.0,812.61,1117.64,1168.49,80.0,manual,board_captures_v2,,320.625,25.0,0.0,560.9761349647596,clean
ml/data/raw/PXL_20260125_115326987.jpg,5.0,train,3472,4624,533.0,1061.0,2914.0,3621.0,1613.2,2292.5,1377.6,1512.1,1122.87,manual,gauge_1_batch_3.zip,,253.2011,5.0226,0.0226,815.1880,clean
ml/data/raw/PXL_20260125_114534732.jpg,-29.0,test,3472,4624,145.0,791.0,3176.0,3438.0,1674.96,2328.64,882.11,2700.11,1290.475,manual,gauge_1_batch_1.zip,,154.8957,-24.1050,4.8950,875.5576,clean
ml/data/raw/PXL_20260125_115421648.jpg,5.0,train,3472,4624,1091.0,1440.0,2202.0,3688.0,1569.0,2518.3,1613.2,1782.0,763.65,manual,gauge_1_batch_4.zip,,273.4353,11.0179,6.0179,737.6255,review
ml/data/raw/PXL_20260125_115328247.jpg,5.0,test,3472,4624,8.0,824.0,2491.0,3313.0,1269.6,2101.1,1038.9,1291.2,1130.26,manual,gauge_1_batch_3.zip,,254.1004,5.2890,0.2890,842.1167,clean
ml/data/captured_images/capture_2026-04-30_14-02-46.png,0.0,train,224,224,0,0,224,224,112.0,99.9,65.0,95.0,80.0,manual,board_captures_v2,,236.25,0.0,0.0,47.2547352124631,clean
ml/data/raw/PXL_20260125_120256738.jpg,49.0,test,3472,4624,753.0,1539.0,2528.0,3345.0,1608.3,2420.2,2113.9,2700.0,813.905,manual,gauge_1_batch_7.zip,,28.9602,45.2475,3.7525,577.8576,clean
ml/data/raw/PXL_20260125_114546762.jpg,-29.0,train,3472,4624,187.0,340.0,2909.0,3762.0,1629.1,2338.1,755.6,2790.5,1396.515,manual,gauge_1_batch_1.zip,,152.6196,-24.7794,4.2206,983.7012,clean
ml/data/raw/PXL_20260125_120022901.jpg,37.5,train,3472,4624,370.0,1393.0,2433.0,3294.0,1416.9,2263.2,2123.8,2322.1,900.7449999999999,manual,gauge_1_batch_6.zip,,4.7630,38.0779,0.5779,709.3496,clean
ml/data/raw/PXL_20260125_115609819.jpg,15.0,train,3472,4624,888.0,1931.0,2529.0,3546.0,1721.2,2744.1,1907.7,2263.1,740.025,manual,gauge_1_batch_4.zip,,291.1930,16.2794,1.2794,515.8907,clean
ml/data/raw/PXL_20260125_120228748.jpg,49.0,train,3472,4624,933.0,2823.0,2307.0,4221.0,1618.1,3500.1,2001.0,3755.3,629.98,manual,gauge_1_batch_7.zip,,33.6832,46.6469,2.3531,460.1516,clean
ml/data/raw/PXL_20260125_114642671.jpg,-29.0,train,3472,4624,48.0,1028.0,3218.0,4089.0,1657.8,2352.5,717.3,2905.4,1416.165,manual,gauge_1_batch_1.zip,,149.5496,-25.6890,3.3110,1090.9806,clean
ml/data/raw/PXL_20260125_120101988.jpg,37.5,train,3472,4624,301.0,1849.0,2784.0,3667.0,1549.4,2577.4,2344.7,2651.0,977.5,manual,gauge_1_batch_6.zip,,5.2873,38.2333,0.7333,798.6983,clean
ml/data/raw/PXL_20260125_120022309.jpg,37.5,train,3472,4624,510.0,1263.0,2632.0,3331.0,1588.7,2243.6,2285.8,2302.5,952.305,manual,gauge_1_batch_6.zip,,4.8296,38.0977,0.5977,699.5839,clean
ml/data/raw/PXL_20260125_115143850.jpg,-7.5,train,3472,4624,616.0,1053.0,2854.0,3336.0,1748.3,2209.8,1156.9,1707.5,1027.63,manual,gauge_1_batch_2.zip,,220.3426,-4.7133,2.7867,775.9248,clean
ml/data/raw/PXL_20260125_115546076.jpg,15.0,val,3472,4624,477.0,1196.0,2400.0,3113.0,1470.8,2174.7,1647.5,1575.9,872.5350000000001,manual,gauge_1_batch_4.zip,,286.4408,14.8714,0.1286,624.3271,clean
ml/data/captured_images/capture_p10c_preview.png,10.0,train,224,224,0,0,224,224,112.0,99.9,112.0,168.87,80.0,manual,board_captures_v2,,270.0,10.0,0.0,68.97,clean
ml/data/raw/PXL_20260125_115148055.jpg,-7.5,train,3472,4624,609.0,1237.0,2234.0,2895.0,1421.7,2110.9,1034.0,1708.4,746.175,manual,gauge_1_batch_3.zip,,226.0730,-3.0154,4.4846,558.8538,clean
ml/data/captured_images/capture_2026-04-15_13-08-57.png,0.0,train,224,224,0,0,224,224,112.0,99.9,60.0,95.0,80.0,manual,board_captures_v2,,236.25,0.0,0.0,52.230355158662285,clean
ml/data/captured_images/capture_2026-04-22_07-24-43.png,28.0,train,224,224,0,0,224,224,112.0,99.9,172.17,133.6,80.0,manual,board_captures_v2,,330.75,28.0,0.0,68.96462063986141,clean
ml/data/captured_images/capture_0008.png,22.0,train,224,224,0,0,224,224,112.0,99.9,156.79,152.35,80.0,manual,board_captures_v2,,310.5,22.0,0.0,68.97207115927431,clean
ml/data/raw/PXL_20260125_115327587.jpg,5.0,test,3472,4624,562.0,781.0,3051.0,3572.0,1642.6,2199.3,1421.7,1374.6,1200.2,manual,gauge_1_batch_3.zip,,255.0050,5.5570,0.5570,853.7722,clean
ml/data/raw/PXL_20260125_120213545.jpg,49.0,train,3472,4624,562.0,2227.0,2662.0,4296.0,1603.4,3264.5,2099.1,3725.9,947.6,manual,gauge_1_batch_7.zip,,42.9475,49.3919,0.3919,677.2064,clean
ml/data/raw/PXL_20260125_114844155.jpg,-17.5,train,3472,4624,212.0,1027.0,3017.0,4025.0,1657.8,2342.9,645.5,2350.1,1318.845,manual,gauge_1_batch_1.zip,,179.5925,-16.7874,0.7126,1012.3256,clean
ml/data/raw/PXL_20260125_120024047.jpg,37.5,train,3472,4624,493.0,1468.0,2475.0,3300.0,1392.4,2327.0,2050.2,2263.2,866.795,manual,gauge_1_batch_6.zip,,354.4602,35.0252,2.4748,660.8867,clean
ml/data/raw/PXL_20260125_115119325.jpg,-7.5,train,3472,4624,95.0,1051.0,2365.0,3677.0,1419.9,2356.4,738.0,1801.9,1112.74,manual,gauge_1_batch_2.zip,,219.1169,-5.0765,2.4235,878.8958,clean
ml/data/raw/PXL_20260125_115959728.jpg,37.5,train,3472,4624,668.0,1305.0,2169.0,2817.0,1412.0,2096.3,1898.0,2057.0,684.755,manual,gauge_1_batch_6.zip,,355.3769,35.2969,2.2031,487.5864,clean
ml/data/captured_images/today_converted/capture_2026-04-09_06-50-28.png,30.0,train,224,224,0,0,224,224,112.0,99.9,175.72,126.3,80.0,manual,board_captures_v2,,337.5,30.0,0.0,68.97244667256628,clean
ml/data/raw/PXL_20260125_114531276.jpg,-29.0,train,3472,4624,608.0,1230.0,2968.0,3634.0,1741.49,2328.64,998.54,2650.21,1082.73,manual,gauge_1_batch_1.zip,,156.5957,-23.6013,5.3987,809.5566,review
ml/data/raw/PXL_20260125_115801802.jpg,26.5,val,3472,4624,686.0,1540.0,2544.0,3349.0,1623.0,2488.9,2138.4,2140.4,833.2249999999999,manual,gauge_1_batch_5.zip,,325.9345,26.5732,0.0732,622.1651,clean
ml/data/raw/PXL_20260125_115122663.jpg,-7.5,train,3472,4624,124.0,1082.0,2421.0,3681.0,1370.4,2494.5,661.1,1987.3,1112.665,manual,gauge_1_batch_2.zip,,215.5675,-6.1282,1.3718,871.9853,clean
ml/data/raw/PXL_20260125_115740064.jpg,26.5,train,3472,4624,769.0,1787.0,2454.0,4058.0,1461.0,2901.2,1907.7,2376.0,899.24,manual,gauge_1_batch_5.zip,,310.3823,21.9651,4.5349,689.4751,clean
ml/data/raw/PXL_20260125_115329709.jpg,5.0,val,3472,4624,414.0,1349.0,2493.0,3353.0,1505.2,2302.4,1362.8,1693.7,927.76,manual,gauge_1_batch_3.zip,,256.8330,6.0987,1.0987,625.1347,clean
ml/data/raw/PXL_20260125_114842502.jpg,-17.5,train,3472,4624,360.0,1187.0,3318.0,4120.0,1863.6,2591.8,841.8,2532.0,1339.105,manual,gauge_1_batch_1.zip,,183.3494,-15.6743,1.8257,1023.5484,clean
ml/data/raw/PXL_20260125_115546842.jpg,15.0,train,3472,4624,371.0,1369.0,2320.0,3259.0,1382.5,2361.3,1569.0,1782.0,872.525,manual,gauge_1_batch_4.zip,,287.8455,15.2875,0.2875,608.5809,clean
ml/data/raw/PXL_20260125_120205746.jpg,49.0,train,3472,4624,634.0,1578.0,2476.0,3728.0,1461.0,2616.5,1951.9,3156.5,907.5,manual,gauge_1_batch_7.zip,,47.7268,50.8080,1.8080,729.7827,clean
ml/data/captured_images/capture_0074.png,0.0,train,224,224,0,0,224,224,112.0,99.9,65.0,95.0,80.0,manual,board_captures_v2,,236.25,0.0,0.0,47.2547352124631,clean
ml/data/raw/PXL_20260125_115945531.jpg,37.5,train,3472,4624,323.0,1607.0,2515.0,3556.0,1456.2,2454.7,2163.1,2464.5,941.235,manual,gauge_1_batch_6.zip,,0.7943,36.9020,0.5980,706.9679,clean
ml/data/raw/PXL_20260125_114924323.jpg,-17.5,val,3472,4624,368.0,1012.0,2885.0,3605.0,1558.5,2289.8,765.7,2217.8,1161.6799999999998,manual,gauge_1_batch_2.zip,,185.1892,-15.1291,2.3709,796.0627,clean
ml/data/raw/PXL_20260125_114543193.jpg,-29.0,train,3472,4624,91.0,578.0,2875.0,3293.0,1590.8,1931.2,746.1,2398.0,1249.94,manual,gauge_1_batch_1.zip,,151.0740,-25.2373,3.7627,965.1012,clean
ml/data/raw/PXL_20260125_120042299.jpg,37.5,val,3472,4624,1041.0,1958.0,2342.0,3195.0,1686.9,2547.9,2118.9,2523.4,576.7950000000001,manual,gauge_1_batch_6.zip,,356.7541,35.7049,1.7951,432.6942,clean
ml/data/raw/PXL_20260125_115330301.jpg,5.0,train,3472,4624,311.0,1500.0,2611.0,3633.0,1500.3,2454.5,1348.1,1870.4,1007.51,manual,gauge_1_batch_3.zip,,255.3951,5.6726,0.6726,603.6039,clean
ml/data/raw/PXL_20260125_115955039.jpg,37.5,train,3472,4624,868.0,1523.0,2353.0,3007.0,1593.6,2268.1,2079.6,2248.5,674.9549999999999,manual,gauge_1_batch_6.zip,,357.6906,35.9824,1.5176,486.3951,clean
ml/data/raw/PXL_20260125_115737682.jpg,26.5,test,3472,4624,408.0,1558.0,2606.0,3728.0,1470.8,2562.5,2045.1,2155.1,992.77,manual,gauge_1_batch_5.zip,,324.6487,26.1922,0.3078,704.1273,clean
ml/data/captured_images/capture_m19c.png,-19.0,train,224,224,0,0,224,224,112.0,99.9,43.68,90.45,80.0,manual,board_captures_v2,,172.125,-19.0,0.0,68.97046396828138,clean
ml/data/raw/PXL_20260125_115536463.jpg,15.0,test,3472,4624,410.0,1005.0,2791.0,3348.0,1657.4,2209.1,1907.7,1458.1,1073.825,manual,gauge_1_batch_4.zip,,288.4327,15.4615,0.4615,791.6130,clean
ml/data/raw/PXL_20260125_115552259.jpg,15.0,test,3472,4624,565.0,1249.0,2385.0,3074.0,1505.2,2160.0,1691.7,1580.8,828.36,manual,gauge_1_batch_4.zip,,287.8483,15.2884,0.2884,608.4857,clean
ml/data/raw/PXL_20260125_115011316.jpg,-17.5,train,3472,4624,208.0,1755.0,2654.0,3754.0,1431.0,2600.3,649.3,2544.9,1010.2349999999999,manual,gauge_1_batch_2.zip,,184.0538,-15.4655,2.0345,783.6607,clean
ml/data/raw/PXL_20260125_120226207.jpg,49.0,train,3472,4624,921.0,3089.0,2244.0,4509.0,1569.0,3750.4,1937.1,4020.4,623.63,manual,gauge_1_batch_7.zip,,36.2599,47.4103,1.5897,456.5059,clean
ml/data/raw/PXL_20260125_115742712.jpg,26.5,train,3472,4624,203.0,1734.0,2330.0,3429.0,1289.2,2685.2,1878.2,2331.8,868.8399999999999,manual,gauge_1_batch_5.zip,,329.0362,27.4922,0.9922,686.8861,clean
ml/data/captured_images/capture_2026-04-22_07-45-57.png,28.0,val,224,224,0,0,224,224,112.0,99.9,172.17,133.6,80.0,manual,board_captures_v2,,330.75,28.0,0.0,68.96462063986141,clean
ml/data/raw/PXL_20260125_115242004.jpg,-7.5,train,3472,4624,890.0,1297.0,2257.0,2609.0,1583.7,1953.8,1299.0,1649.5,608.7,manual,gauge_1_batch_3.zip,,226.9059,-2.7686,4.7314,416.7164,clean
ml/data/raw/PXL_20260125_120218758.jpg,49.0,train,3472,4624,537.0,1852.0,2476.0,4092.0,1608.3,2969.9,2055.0,3362.6,949.635,manual,gauge_1_batch_7.zip,,41.3191,48.9094,0.0906,594.7724,clean
ml/data/raw/PXL_20260125_115243334.jpg,-7.5,train,3472,4624,673.0,1180.0,2061.0,2584.0,1397.2,1890.0,1122.3,1531.7,634.4449999999999,manual,gauge_1_batch_3.zip,,232.5033,-1.1101,6.3899,451.6070,review
ml/data/raw/PXL_20260125_114922671.jpg,-17.5,train,3472,4624,294.0,900.0,3060.0,3718.0,1669.4,2278.7,749.0,2156.8,1268.97,manual,gauge_1_batch_2.zip,,187.5445,-14.4313,3.0687,928.4373,clean
ml/data/raw/PXL_20260125_114529783.jpg,-29.0,val,3472,4624,380.0,1098.0,2915.0,3640.0,1586.25,2278.74,826.67,2644.67,1153.72,manual,gauge_1_batch_1.zip,,154.2774,-24.2882,4.7118,843.1290,clean
ml/data/raw/PXL_20260125_114959197.jpg,-17.5,train,3472,4624,0.0,1388.0,2778.0,3886.0,1408.8,2445.1,488.5,2339.7,1212.9299999999998,manual,gauge_1_batch_2.zip,,186.5335,-14.7308,2.7692,926.3160,clean
ml/data/raw/PXL_20260125_120040116.jpg,37.5,train,3472,4624,1000.0,1956.0,2328.0,3306.0,1657.5,2611.7,2084.5,2616.6,608.685,manual,gauge_1_batch_6.zip,,0.6575,36.8615,0.6385,427.0281,clean
ml/data/raw/PXL_20260125_120050121.jpg,37.5,train,3472,4624,875.0,2593.0,2247.0,3970.0,1544.6,3274.4,1971.6,3289.1,624.64,manual,gauge_1_batch_6.zip,,1.9717,37.2509,0.2491,427.2530,clean
ml/data/raw/PXL_20260125_114925728.jpg,-17.5,test,3472,4624,132.0,991.0,2663.0,3634.0,1519.7,2339.7,616.0,2273.2,1175.76,manual,gauge_1_batch_2.zip,,184.2086,-15.4197,2.0803,906.1434,clean
ml/data/captured_images/capture_2026-04-22_07-44-43.png,28.0,train,224,224,0,0,224,224,112.0,99.9,172.17,133.6,80.0,manual,board_captures_v2,,330.75,28.0,0.0,68.96462063986141,clean
ml/data/raw/PXL_20260125_115610360.jpg,15.0,train,3472,4624,873.0,1607.0,2569.0,3276.0,1721.2,2449.6,1922.4,1968.6,764.575,manual,gauge_1_batch_4.zip,,292.6993,16.7257,1.7257,521.3851,clean
ml/data/raw/PXL_20260125_115823372.jpg,26.5,train,3472,4624,526.0,1179.0,2734.0,3361.0,1642.6,2326.9,2285.7,1948.9,997.675,manual,gauge_1_batch_5.zip,,329.5539,27.6456,1.1456,745.9635,clean
ml/data/raw/PXL_20260125_120218153.jpg,49.0,train,3472,4624,465.0,1827.0,2638.0,4082.0,1618.1,2930.7,2099.1,3411.7,1006.3199999999999,manual,gauge_1_batch_7.zip,,45.0000,50.0000,1.0000,680.2367,clean
ml/data/raw/PXL_20260125_115840403.jpg,26.5,train,3472,4624,281.0,1464.0,2694.0,4028.0,1392.3,2700.0,2064.8,2209.1,1131.42,manual,gauge_1_batch_5.zip,,323.8719,25.9621,0.5379,832.6098,clean
ml/data/raw/PXL_20260125_120156218.jpg,49.0,train,3472,4624,193.0,1585.0,2411.0,3786.0,1338.3,2655.8,1927.3,3048.5,1004.185,manual,gauge_1_batch_7.zip,,33.6923,46.6496,2.3504,707.9084,clean
ml/data/raw/PXL_20260125_115345639.jpg,5.0,train,3472,4624,619.0,972.0,2660.0,3003.0,1672.1,2032.4,1505.2,1355.0,925.31,manual,gauge_1_batch_3.zip,,256.1590,5.8990,0.8990,697.6578,clean
ml/data/raw/PXL_20260125_120043546.jpg,37.5,train,3472,4624,908.0,1790.0,1890.0,3182.0,1367.8,2484.1,1721.3,2381.0,539.825,manual,gauge_1_batch_6.zip,,343.7404,31.8490,5.6510,368.2280,review
ml/data/raw/PXL_20260125_115957052.jpg,37.5,test,3472,4624,612.0,1370.0,2103.0,2866.0,1338.4,2115.9,1770.4,2071.8,678.64,manual,gauge_1_batch_6.zip,,354.1712,34.9396,2.5604,434.2451,clean
ml/data/raw/PXL_20260125_115356240.jpg,5.0,train,3472,4624,1075.0,1227.0,2705.0,2847.0,1907.7,2071.6,1834.1,1526.8,738.76,manual,gauge_1_batch_4.zip,,262.3062,7.7204,2.7204,549.7490,clean
ml/data/raw/PXL_20260125_115120953.jpg,-7.5,train,3472,4624,107.0,1108.0,2230.0,3598.0,1325.7,2445.1,627.1,2029.2,1048.3600000000001,manual,gauge_1_batch_2.zip,,210.7668,-7.5506,0.0506,813.0281,clean
ml/data/raw/PXL_20260125_115408380.jpg,5.0,train,3472,4624,770.0,1709.0,2456.0,3536.0,1677.0,2616.5,1559.2,2047.1,798.36,manual,gauge_1_batch_4.zip,,258.3113,6.5367,1.5367,581.4578,clean
ml/data/raw/PXL_20260125_115147221.jpg,-7.5,train,3472,4624,459.0,1174.0,2143.0,2811.0,1348.1,2047.1,916.1,1654.4,754.7349999999999,manual,gauge_1_batch_3.zip,,222.2717,-4.1417,3.3583,583.8127,clean
ml/data/raw/PXL_20260125_115735138.jpg,26.5,test,3472,4624,106.0,1212.0,2639.0,3701.0,1416.8,2449.6,2118.8,2022.6,1141.24,manual,gauge_1_batch_5.zip,,328.6894,27.3895,0.8895,821.6648,clean
ml/data/raw/PXL_20260125_120227059.jpg,49.0,val,3472,4624,927.0,2984.0,2265.0,4420.0,1578.8,3681.7,1942.1,3937.0,630.675,manual,gauge_1_batch_7.zip,,35.0967,47.0657,1.9343,444.0326,clean
ml/data/raw/PXL_20260125_115542831.jpg,15.0,test,3472,4624,433.0,1365.0,1696.0,3353.0,1146.9,2385.8,1264.7,1742.8,738.705,manual,gauge_1_batch_4.zip,,280.3817,13.0761,1.9239,653.7016,clean
ml/data/raw/PXL_20260125_115952623.jpg,37.5,train,3472,4624,904.0,1719.0,2464.0,3317.0,1642.7,2518.4,2172.9,2498.8,717.895,manual,gauge_1_batch_6.zip,,357.8829,36.0394,1.4606,530.5622,clean
ml/data/raw/PXL_20260125_120202892.jpg,49.0,val,3472,4624,185.0,1814.0,2414.0,4064.0,1348.1,2866.9,1888.1,3323.4,1017.98,manual,gauge_1_batch_7.zip,,40.2102,48.5808,0.4192,707.1013,clean
ml/data/captured_images/capture_p35c.jpg,35.0,train,1359,1810,0,0,1359,1810,679.5,807.26,1234.09,861.88,80.0,manual,board_captures_v2,,354.375,35.0,0.0,557.2731937748306,clean
ml/data/captured_images/capture_2026-04-22_07-32-06.png,28.0,train,224,224,0,0,224,224,112.0,99.9,172.17,133.6,80.0,manual,board_captures_v2,,330.75,28.0,0.0,68.96462063986141,clean
ml/data/captured_images/capture_m18c.png,-18.0,train,224,224,0,0,224,224,112.0,99.9,43.25,94.49,80.0,manual,board_captures_v2,,175.5,-18.0,0.0,68.96253040601106,clean
ml/data/raw/PXL_20260125_115944999.jpg,37.5,test,3472,4624,273.0,1464.0,2471.0,3527.0,1416.9,2395.7,2138.5,2376.1,968.245,manual,gauge_1_batch_6.zip,,358.4441,36.2057,1.2943,721.8661,clean
ml/data/raw/PXL_20260125_115126899.jpg,-7.5,val,3472,4624,450.0,1277.0,1736.0,2748.0,1154.4,2008.5,754.3,1683.0,626.65,manual,gauge_1_batch_2.zip,,219.1300,-5.0726,2.4274,515.7812,clean
ml/data/raw/PXL_20260125_114848857.jpg,-17.5,train,3472,4624,173.0,761.0,2911.0,3875.0,1437.6,2161.0,592.9,2177.8,1329.8200000000002,manual,gauge_1_batch_1.zip,,178.8606,-17.0043,0.4957,844.8670,clean
ml/data/raw/PXL_20260125_115350771.jpg,5.0,train,3472,4624,645.0,1319.0,2610.0,3241.0,1637.7,2302.4,1465.9,1688.8,883.5699999999999,manual,gauge_1_batch_3.zip,,254.3584,5.3655,0.3655,637.1971,clean
ml/data/raw/PXL_20260125_115743603.jpg,26.5,train,3472,4624,303.0,1535.0,2398.0,3182.0,1387.4,2459.4,1947.0,2120.7,850.405,manual,gauge_1_batch_5.zip,,328.8154,27.4268,0.9268,654.1176,clean
ml/data/raw/PXL_20260125_115638675.jpg,15.0,train,3472,4624,1190.0,1502.0,2762.0,3230.0,1893.0,2366.2,2094.2,1816.4,749.78,manual,gauge_1_batch_5.zip,,290.1002,15.9556,0.9556,585.4584,clean
ml/data/raw/PXL_20260125_114631441.jpg,-29.0,train,3472,4624,31.0,514.0,3383.0,3879.0,1763.1,2251.9,822.6,2886.2,1526.615,manual,gauge_1_batch_1.zip,,146.0032,-26.7398,2.2602,1134.4059,clean
ml/data/raw/PXL_20260125_115343103.jpg,5.0,train,3472,4624,1025.0,1374.0,2613.0,2930.0,1819.3,2209.1,1750.6,1659.3,714.235,manual,gauge_1_batch_3.zip,,262.8775,7.8896,2.8896,554.0756,clean
ml/data/raw/PXL_20260125_114520969.jpg,-29.0,test,3472,4624,448.0,812.0,3290.0,3806.0,1735.95,2361.9,993.0,2788.82,1326.345,manual,gauge_1_batch_1.zip,,150.1171,-25.5209,3.4791,856.8754,clean
ml/data/captured_images/capture_2026-04-22_07-35-06.png,28.0,train,224,224,0,0,224,224,112.0,99.9,172.17,133.6,80.0,manual,board_captures_v2,,330.75,28.0,0.0,68.96462063986141,clean
ml/data/raw/PXL_20260125_115539763.jpg,15.0,train,3472,4624,1171.0,1462.0,2585.0,3946.0,1735.9,2665.6,1971.5,1860.6,886.035,manual,gauge_1_batch_4.zip,,286.3132,14.8335,0.1665,838.7684,clean
ml/data/captured_images/capture_2026-04-30_10-01-59.png,0.0,val,224,224,0,0,224,224,112.0,99.9,65.0,95.0,80.0,manual,board_captures_v2,,236.25,0.0,0.0,47.2547352124631,clean
ml/data/raw/PXL_20260125_115117933.jpg,-7.5,test,3472,4624,45.0,1161.0,2716.0,3559.0,1425.5,2234.4,754.6,1757.6,1152.23,manual,gauge_1_batch_2.zip,,215.4009,-6.1775,1.3225,823.0705,clean
ml/data/raw/PXL_20260125_115949960.jpg,37.5,val,3472,4624,481.0,1440.0,2117.0,3556.0,1421.8,2464.5,1878.4,2400.6,852.885,manual,gauge_1_batch_6.zip,,352.0333,34.3062,3.1938,461.0496,clean
ml/data/captured_images/capture_2026-04-22_07-38-47.png,28.0,val,224,224,0,0,224,224,112.0,99.9,172.17,133.6,80.0,manual,board_captures_v2,,330.75,28.0,0.0,68.96462063986141,clean
ml/data/raw/PXL_20260125_120217241.jpg,49.0,train,3472,4624,916.0,1893.0,2658.0,4164.0,1672.1,2999.4,2128.6,3603.2,911.835,manual,gauge_1_batch_7.zip,,52.9091,52.3434,3.3434,756.9456,clean
ml/data/raw/PXL_20260125_115346411.jpg,5.0,train,3472,4624,503.0,1163.0,2787.0,3431.0,1672.1,2346.5,1461.0,1595.5,1034.5349999999999,manual,gauge_1_batch_3.zip,,254.2998,5.3481,0.3481,780.1053,clean
ml/data/raw/PXL_20260125_115540293.jpg,15.0,val,3472,4624,981.0,1326.0,2245.0,3837.0,1490.5,2557.6,1672.1,1733.0,857.81,manual,gauge_1_batch_4.zip,,282.4199,13.6800,1.3200,844.3599,clean
ml/data/raw/PXL_20260125_115748216.jpg,26.5,test,3472,4624,0.0,1773.0,1940.0,3960.0,886.7,2862.0,1426.6,2479.1,967.015,manual,gauge_1_batch_5.zip,,324.6555,26.1942,0.3058,661.8946,clean
ml/data/raw/PXL_20260125_115150984.jpg,-7.5,train,3472,4624,482.0,1087.0,2194.0,2712.0,1387.4,1934.2,980.0,1556.2,758.425,manual,gauge_1_batch_3.zip,,222.8562,-3.9685,3.5315,555.7506,clean
ml/data/raw/PXL_20260125_115355557.jpg,5.0,train,3472,4624,911.0,1406.0,2574.0,3075.0,1775.2,2258.2,1667.2,1629.9,757.165,manual,gauge_1_batch_4.zip,,260.2466,7.1101,2.1101,637.5146,clean
ml/data/captured_images/capture_2026-05-27_06-00-14.png,-10.0,train,224,224,0,0,224,224,112.0,99.9,75.0,115.0,80.0,manual,board_captures_v2,,202.5,-10.0,0.0,39.962607522532856,clean
ml/data/raw/PXL_20260125_120115570.jpg,37.5,train,3472,4624,355.0,1358.0,2456.0,3427.0,1416.83,2405.45,2099.14,2454.53,947.6,manual,gauge_1_batch_7.zip,,4.1143,37.8857,0.3857,684.0729,clean
ml/data/raw/PXL_20260125_115208285.jpg,-7.5,train,3472,4624,393.0,1097.0,2958.0,4273.0,1480.6,2587.1,984.9,2022.6,1304.645,manual,gauge_1_batch_3.zip,,228.7129,-2.2332,5.2668,751.2514,review
ml/data/raw/PXL_20260125_120243838.jpg,49.0,train,3472,4624,376.0,1365.0,2796.0,3769.0,1598.5,2562.5,2256.2,3014.1,1096.325,manual,gauge_1_batch_7.zip,,34.4749,46.8814,2.1186,797.8169,clean
ml/data/raw/PXL_20260125_120201512.jpg,49.0,train,3472,4624,566.0,1542.0,2371.0,3935.0,1338.3,2700.0,1868.4,3279.2,954.235,manual,gauge_1_batch_7.zip,,47.5344,50.7509,1.7509,785.1615,clean
ml/data/raw/PXL_20260125_114944228.jpg,-17.5,train,3472,4624,76.0,1012.0,2928.0,3875.0,1558.5,2445.1,593.8,2428.4,1298.83,manual,gauge_1_batch_2.zip,,180.9918,-16.3728,1.1272,964.8445,clean
ml/data/raw/PXL_20260125_120203195.jpg,49.0,val,3472,4624,395.0,1613.0,2537.0,3523.0,1539.5,2641.1,1986.2,2916.0,920.6949999999999,manual,gauge_1_batch_7.zip,,31.6082,46.0321,2.9679,524.5102,clean
ml/data/captured_images/capture_2026-04-22_07-33-52.png,28.0,val,224,224,0,0,224,224,112.0,99.9,172.17,133.6,80.0,manual,board_captures_v2,,330.75,28.0,0.0,68.96462063986141,clean
ml/data/captured_images/capture_2026-04-03_08-20-49.png,45.0,train,224,224,0,0,224,224,112.0,99.9,172.82,67.39,80.0,manual,board_captures_v2,,28.125,45.0,0.0,68.9635592178942,clean
ml/data/raw/PXL_20260125_115354208.jpg,5.0,train,3472,4624,1117.0,1398.0,3066.0,3348.0,2079.51,2385.81,1922.43,1703.5,886.03,manual,gauge_1_batch_4.zip,,257.0354,6.1586,1.1586,700.1579,clean
ml/data/raw/PXL_20260125_120302481.jpg,49.0,test,3472,4624,203.0,1306.0,3032.0,4146.0,1603.36,2660.7,2369.12,3136.84,1288.55,manual,gauge_1_batch_8.zip,,31.8728,46.1105,2.8895,901.7193,clean
ml/data/captured_images/capture_2026-04-24_22-30-21.png,10.0,train,224,224,23.00,57.64,178.91,180.79,111.0,115.0,111.0,168.87,80.0,manual,ai_annotated_board_captures.csv,manual tip added from visual inspection of hard-case crop,270.0,10.0,0.0,53.87,clean
