<?xml version="1.0" encoding="utf-8"?>
<annotations>
  <version>1.1</version>
  <meta>
    <job>
      <id>2</id>
      <size>50</size>
      <mode>annotation</mode>
      <overlap>0</overlap>
      <bugtracker></bugtracker>
      <created>2026-01-26 23:21:07.725791+00:00</created>
      <updated>2026-01-27 23:44:56.372640+00:00</updated>
      <subset>default</subset>
      <start_frame>50</start_frame>
      <stop_frame>99</stop_frame>
      <frame_filter></frame_filter>
      <segments>
        <segment>
          <id>2</id>
          <start>50</start>
          <stop>99</stop>
          <url>http://localhost:8080/api/jobs/2</url>
        </segment>
      </segments>
      <owner>
        <username>django</username>
        <email>latchmepersad@gmail.com</email>
      </owner>
      <assignee></assignee>
      <labels>
        <label>
          <name>temp_dial</name>
          <color>#7b0278</color>
          <type>ellipse</type>
          <attributes>
            <attribute>
              <name>temp_c</name>
              <mutable>True</mutable>
              <input_type>number</input_type>
              <default_value>30</default_value>
              <values>-30
50
0.5</values>
            </attribute>
          </attributes>
        </label>
        <label>
          <name>temp_center</name>
          <color>#39a687</color>
          <type>points</type>
          <attributes>
          </attributes>
        </label>
        <label>
          <name>temp_tip</name>
          <color>#397169</color>
          <type>points</type>
          <attributes>
          </attributes>
        </label>
      </labels>
    </job>
    <dumped>2026-02-02 23:44:27.137095+00:00</dumped>
  </meta>
  <image id="50" name="PXL_20260125_114909671.jpg" width="3472" height="4624">
    <ellipse label="temp_dial" source="manual" occluded="0" cx="1275.60" cy="2055.58" rx="1092.22" ry="1234.43" rotation="354.20" z_order="0">
      <attribute name="temp_c">-17.5</attribute>
    </ellipse>
    <points label="temp_center" source="manual" occluded="0" points="1458.73,2062.51" z_order="0">
    </points>
    <points label="temp_tip" source="manual" occluded="0" points="538.36,2134.59" z_order="0">
    </points>
  </image>
  <image id="51" name="PXL_20260125_114911288.jpg" width="3472" height="4624">
    <points label="temp_center" source="manual" occluded="0" points="1408.80,2245.50" z_order="0">
    </points>
    <points label="temp_tip" source="manual" occluded="0" points="494.00,2267.70" z_order="0">
    </points>
    <ellipse label="temp_dial" source="manual" occluded="0" cx="1216.76" cy="2229.98" rx="1058.72" ry="1192.16" rotation="3.40" z_order="0">
      <attribute name="temp_c">-17.5</attribute>
    </ellipse>
  </image>
  <image id="52" name="PXL_20260125_114912074.jpg" width="3472" height="4624">
    <points label="temp_tip" source="manual" occluded="0" points="621.50,2062.50" z_order="0">
    </points>
    <ellipse label="temp_dial" source="manual" occluded="0" cx="1433.65" cy="2238.56" rx="1124.62" ry="1217.86" rotation="308.20" z_order="0">
      <attribute name="temp_c">-17.5</attribute>
    </ellipse>
    <points label="temp_center" source="manual" occluded="0" points="1553.00,2134.60" z_order="0">
    </points>
  </image>
  <image id="53" name="PXL_20260125_114912923.jpg" width="3472" height="4624">
    <ellipse label="temp_dial" source="manual" occluded="0" cx="1571.32" cy="2399.89" rx="973.87" ry="1144.57" rotation="287.80" z_order="0">
      <attribute name="temp_c">-17.5</attribute>
    </ellipse>
    <points label="temp_tip" source="manual" occluded="0" points="760.10,2178.90" z_order="0">
    </points>
    <points label="temp_center" source="manual" occluded="0" points="1636.10,2262.10" z_order="0">
    </points>
  </image>
  <image id="54" name="PXL_20260125_114913726.jpg" width="3472" height="4624">
    <points label="temp_center" source="manual" occluded="0" points="1530.80,2140.10" z_order="0">
    </points>
    <ellipse label="temp_dial" source="manual" occluded="0" cx="1480.07" cy="2288.51" rx="845.08" ry="1169.76" rotation="274.10" z_order="0">
      <attribute name="temp_c">-17.5</attribute>
    </ellipse>
    <points label="temp_tip" source="manual" occluded="0" points="654.80,2095.80" z_order="0">
    </points>
  </image>
  <image id="55" name="PXL_20260125_114914961.jpg" width="3472" height="4624">
    <points label="temp_center" source="manual" occluded="0" points="1841.30,2439.50" z_order="0">
    </points>
    <ellipse label="temp_dial" source="manual" occluded="0" cx="1790.22" cy="2234.70" rx="1527.98" ry="1423.31" rotation="354.20" z_order="0">
      <attribute name="temp_c">-17.5</attribute>
    </ellipse>
    <points label="temp_tip" source="manual" occluded="0" points="671.40,2378.50" z_order="0">
    </points>
  </image>
  <image id="56" name="PXL_20260125_114915707.jpg" width="3472" height="4624">
    <points label="temp_center" source="manual" occluded="0" points="1580.70,2411.80" z_order="0">
    </points>
    <ellipse label="temp_dial" source="manual" occluded="0" cx="1482.81" cy="2131.24" rx="1642.83" ry="1393.68" rotation="354.50" z_order="0">
      <attribute name="temp_c">-17.5</attribute>
    </ellipse>
    <points label="temp_tip" source="manual" occluded="0" points="305.50,2378.50" z_order="0">
    </points>
  </image>
  <image id="57" name="PXL_20260125_114922671.jpg" width="3472" height="4624">
    <points label="temp_center" source="manual" occluded="0" points="1669.40,2278.70" z_order="0">
    </points>
    <ellipse label="temp_dial" source="manual" occluded="0" cx="1677.26" cy="2309.25" rx="1257.18" ry="1280.76" rotation="354.20" z_order="0">
      <attribute name="temp_c">-17.5</attribute>
    </ellipse>
    <points label="temp_tip" source="manual" occluded="0" points="749.00,2156.80" z_order="0">
    </points>
  </image>
  <image id="58" name="PXL_20260125_114923491.jpg" width="3472" height="4624">
    <ellipse label="temp_dial" source="manual" occluded="0" cx="1457.69" cy="2234.52" rx="1173.60" ry="1200.50" rotation="354.20" z_order="0">
      <attribute name="temp_c">-17.5</attribute>
    </ellipse>
    <points label="temp_tip" source="manual" occluded="0" points="632.60,2073.60" z_order="0">
    </points>
    <points label="temp_center" source="manual" occluded="0" points="1492.00,2167.90" z_order="0">
    </points>
  </image>
  <image id="59" name="PXL_20260125_114924323.jpg" width="3472" height="4624">
    <points label="temp_center" source="manual" occluded="0" points="1558.50,2289.80" z_order="0">
    </points>
    <ellipse label="temp_dial" source="manual" occluded="0" cx="1626.92" cy="2308.97" rx="1144.36" ry="1179.00" rotation="354.20" z_order="0">
      <attribute name="temp_c">-17.5</attribute>
    </ellipse>
    <points label="temp_tip" source="manual" occluded="0" points="765.70,2217.80" z_order="0">
    </points>
  </image>
  <image id="60" name="PXL_20260125_114925061.jpg" width="3472" height="4624">
    <points label="temp_tip" source="manual" occluded="0" points="721.30,2195.60" z_order="0">
    </points>
    <ellipse label="temp_dial" source="manual" occluded="0" cx="1589.01" cy="2238.49" rx="1122.64" ry="1184.65" rotation="0.60" z_order="0">
      <attribute name="temp_c">-17.5</attribute>
    </ellipse>
    <points label="temp_center" source="manual" occluded="0" points="1492.00,2234.40" z_order="0">
    </points>
  </image>
  <image id="61" name="PXL_20260125_114925728.jpg" width="3472" height="4624">
    <points label="temp_tip" source="manual" occluded="0" points="616.00,2273.20" z_order="0">
    </points>
    <ellipse label="temp_dial" source="manual" occluded="0" cx="1397.85" cy="2313.07" rx="1150.40" ry="1201.12" rotation="0.40" z_order="0">
      <attribute name="temp_c">-17.5</attribute>
    </ellipse>
    <points label="temp_center" source="manual" occluded="0" points="1519.70,2339.70" z_order="0">
    </points>
  </image>
  <image id="62" name="PXL_20260125_114926493.jpg" width="3472" height="4624">
    <points label="temp_tip" source="manual" occluded="0" points="449.70,2544.90" z_order="0">
    </points>
    <ellipse label="temp_dial" source="manual" occluded="0" cx="1400.11" cy="2496.01" rx="1301.53" ry="1293.77" rotation="20.10" z_order="0">
      <attribute name="temp_c">-17.5</attribute>
    </ellipse>
    <points label="temp_center" source="manual" occluded="0" points="1464.30,2583.70" z_order="0">
    </points>
  </image>
  <image id="63" name="PXL_20260125_114936296.jpg" width="3472" height="4624">
    <points label="temp_center" source="manual" occluded="0" points="1697.10,2334.20" z_order="0">
    </points>
    <points label="temp_tip" source="manual" occluded="0" points="743.50,2239.90" z_order="0">
    </points>
    <ellipse label="temp_dial" source="manual" occluded="0" cx="1664.18" cy="2311.48" rx="1256.56" ry="1287.67" rotation="354.20" z_order="0">
      <attribute name="temp_c">-17.5</attribute>
    </ellipse>
  </image>
  <image id="64" name="PXL_20260125_114941106.jpg" width="3472" height="4624">
    <points label="temp_center" source="manual" occluded="0" points="1625.10,2267.70" z_order="0">
    </points>
    <points label="temp_tip" source="manual" occluded="0" points="355.40,2223.30" z_order="0">
    </points>
    <ellipse label="temp_dial" source="manual" occluded="0" cx="1508.21" cy="2244.12" rx="1664.34" ry="1648.13" rotation="354.20" z_order="0">
      <attribute name="temp_c">-17.5</attribute>
    </ellipse>
  </image>
  <image id="65" name="PXL_20260125_114944228.jpg" width="3472" height="4624">
    <points label="temp_center" source="manual" occluded="0" points="1558.50,2445.10" z_order="0">
    </points>
    <points label="temp_tip" source="manual" occluded="0" points="593.80,2428.40" z_order="0">
    </points>
    <ellipse label="temp_dial" source="manual" occluded="0" cx="1502.86" cy="2443.58" rx="1296.24" ry="1301.42" rotation="356.00" z_order="0">
      <attribute name="temp_c">-17.5</attribute>
    </ellipse>
  </image>
  <image id="66" name="PXL_20260125_114949989.jpg" width="3472" height="4624">
    <points label="temp_center" source="manual" occluded="0" points="1547.40,2478.30" z_order="0">
    </points>
    <points label="temp_tip" source="manual" occluded="0" points="410.80,2389.60" z_order="0">
    </points>
    <ellipse label="temp_dial" source="manual" occluded="0" cx="1500.31" cy="2449.17" rx="1541.56" ry="1549.42" rotation="354.20" z_order="0">
      <attribute name="temp_c">-17.5</attribute>
    </ellipse>
  </image>
  <image id="67" name="PXL_20260125_114954780.jpg" width="3472" height="4624">
    <points label="temp_tip" source="manual" occluded="0" points="388.70,2472.80" z_order="0">
    </points>
    <ellipse label="temp_dial" source="manual" occluded="0" cx="1255.24" cy="2503.96" rx="1298.93" ry="1337.58" rotation="354.20" z_order="0">
      <attribute name="temp_c">-17.5</attribute>
    </ellipse>
    <points label="temp_center" source="manual" occluded="0" points="1453.20,2483.90" z_order="0">
    </points>
  </image>
  <image id="68" name="PXL_20260125_114959197.jpg" width="3472" height="4624">
    <ellipse label="temp_dial" source="manual" occluded="0" cx="1358.65" cy="2637.48" rx="1290.53" ry="1135.33" rotation="354.20" z_order="0">
      <attribute name="temp_c">-17.5</attribute>
    </ellipse>
    <points label="temp_tip" source="manual" occluded="0" points="488.50,2339.70" z_order="0">
    </points>
    <points label="temp_center" source="manual" occluded="0" points="1408.80,2445.10" z_order="0">
    </points>
  </image>
  <image id="69" name="PXL_20260125_115007049.jpg" width="3472" height="4624">
    <points label="temp_tip" source="manual" occluded="0" points="671.40,2506.10" z_order="0">
    </points>
    <ellipse label="temp_dial" source="manual" occluded="0" cx="1581.92" cy="2591.52" rx="1161.35" ry="1489.95" rotation="16.80" z_order="0">
      <attribute name="temp_c">-17.5</attribute>
    </ellipse>
    <points label="temp_center" source="manual" occluded="0" points="1381.10,2478.30" z_order="0">
    </points>
  </image>
  <image id="70" name="PXL_20260125_115011316.jpg" width="3472" height="4624">
    <points label="temp_center" source="manual" occluded="0" points="1431.00,2600.30" z_order="0">
    </points>
    <ellipse label="temp_dial" source="manual" occluded="0" cx="1431.73" cy="2755.19" rx="1111.82" ry="908.65" rotation="351.70" z_order="0">
      <attribute name="temp_c">-17.5</attribute>
    </ellipse>
    <points label="temp_tip" source="manual" occluded="0" points="649.30,2544.90" z_order="0">
    </points>
  </image>
  <image id="71" name="PXL_20260125_115025538.jpg" width="3472" height="4624">
    <ellipse label="temp_dial" source="manual" occluded="0" cx="1637.75" cy="2491.52" rx="1402.01" ry="1379.78" rotation="354.20" z_order="0">
      <attribute name="temp_c">-17.5</attribute>
    </ellipse>
    <points label="temp_center" source="manual" occluded="0" points="1669.40,2522.70" z_order="0">
    </points>
    <points label="temp_tip" source="manual" occluded="0" points="610.40,2384.10" z_order="0">
    </points>
  </image>
  <image id="72" name="PXL_20260125_115028857.jpg" width="3472" height="4624">
    <ellipse label="temp_dial" source="manual" occluded="0" cx="1324.83" cy="2501.31" rx="1498.49" ry="1452.17" rotation="351.70" z_order="0">
      <attribute name="temp_c">-17.5</attribute>
    </ellipse>
    <points label="temp_center" source="manual" occluded="0" points="1408.80,2500.50" z_order="0">
    </points>
    <points label="temp_tip" source="manual" occluded="0" points="300.00,2334.20" z_order="0">
    </points>
  </image>
  <image id="73" name="PXL_20260125_115038687.jpg" width="3472" height="4624">
    <points label="temp_center" source="manual" occluded="0" points="1503.10,2816.50" z_order="0">
    </points>
    <ellipse label="temp_dial" source="manual" occluded="0" cx="1431.15" cy="2822.73" rx="1379.69" ry="1378.77" rotation="1.20" z_order="0">
      <attribute name="temp_c">-17.5</attribute>
    </ellipse>
    <points label="temp_tip" source="manual" occluded="0" points="438.60,2755.60" z_order="0">
    </points>
  </image>
  <image id="74" name="PXL_20260125_115113912.jpg" width="3472" height="4624">
    <ellipse label="temp_dial" source="manual" occluded="0" cx="1569.84" cy="2580.75" rx="1366.21" ry="1370.08" rotation="354.20" z_order="0">
      <attribute name="temp_c">-7.5</attribute>
    </ellipse>
    <points label="temp_center" source="manual" occluded="0" points="1619.50,2561.50" z_order="0">
    </points>
    <points label="temp_tip" source="manual" occluded="0" points="798.90,1962.70" z_order="0">
    </points>
  </image>
  <image id="75" name="PXL_20260125_115115395.jpg" width="3472" height="4624">
    <points label="temp_center" source="manual" occluded="0" points="1719.30,2550.40" z_order="0">
    </points>
    <ellipse label="temp_dial" source="manual" occluded="0" cx="1803.51" cy="2575.29" rx="1235.41" ry="1274.96" rotation="354.20" z_order="0">
      <attribute name="temp_c">-7.5</attribute>
    </ellipse>
    <points label="temp_tip" source="manual" occluded="0" points="1054.00,1984.90" z_order="0">
    </points>
  </image>
  <image id="76" name="PXL_20260125_115116424.jpg" width="3472" height="4624">
    <points label="temp_center" source="manual" occluded="0" points="1547.40,2373.00" z_order="0">
    </points>
    <points label="temp_tip" source="manual" occluded="0" points="832.20,1790.80" z_order="0">
    </points>
    <ellipse label="temp_dial" source="manual" occluded="0" cx="1663.66" cy="2387.51" rx="1326.16" ry="1381.94" rotation="354.20" z_order="0">
      <attribute name="temp_c">-7.5</attribute>
    </ellipse>
  </image>
  <image id="77" name="PXL_20260125_115117057.jpg" width="3472" height="4624">
    <ellipse label="temp_dial" source="manual" occluded="0" cx="1612.28" cy="2435.84" rx="1257.21" ry="1351.86" rotation="354.20" z_order="0">
      <attribute name="temp_c">-7.5</attribute>
    </ellipse>
    <points label="temp_center" source="manual" occluded="0" points="1469.80,2422.90" z_order="0">
    </points>
    <points label="temp_tip" source="manual" occluded="0" points="815.60,1835.20" z_order="0">
    </points>
  </image>
  <image id="78" name="PXL_20260125_115117933.jpg" width="3472" height="4624">
    <ellipse label="temp_dial" source="manual" occluded="0" cx="1380.62" cy="2360.43" rx="1214.18" ry="1090.28" rotation="0.10" z_order="0">
      <attribute name="temp_c">-7.5</attribute>
    </ellipse>
    <points label="temp_tip" source="manual" occluded="0" points="754.60,1757.60" z_order="0">
    </points>
    <points label="temp_center" source="manual" occluded="0" points="1425.50,2234.40" z_order="0">
    </points>
  </image>
  <image id="79" name="PXL_20260125_115118563.jpg" width="3472" height="4624">
    <ellipse label="temp_dial" source="manual" occluded="0" cx="1291.90" cy="2385.39" rx="1201.55" ry="1173.58" rotation="346.70" z_order="0">
      <attribute name="temp_c">-7.5</attribute>
    </ellipse>
    <points label="temp_tip" source="manual" occluded="0" points="693.60,1746.50" z_order="0">
    </points>
    <points label="temp_center" source="manual" occluded="0" points="1392.20,2284.30" z_order="0">
    </points>
  </image>
  <image id="80" name="PXL_20260125_115119325.jpg" width="3472" height="4624">
    <ellipse label="temp_dial" source="manual" occluded="0" cx="1230.75" cy="2364.27" rx="1031.84" ry="1193.64" rotation="354.20" z_order="0">
      <attribute name="temp_c">-7.5</attribute>
    </ellipse>
    <points label="temp_center" source="manual" occluded="0" points="1419.90,2356.40" z_order="0">
    </points>
    <points label="temp_tip" source="manual" occluded="0" points="738.00,1801.90" z_order="0">
    </points>
  </image>
  <image id="81" name="PXL_20260125_115119880.jpg" width="3472" height="4624">
    <ellipse label="temp_dial" source="manual" occluded="0" cx="1421.79" cy="2466.28" rx="1176.68" ry="1276.58" rotation="354.20" z_order="0">
      <attribute name="temp_c">-7.5</attribute>
    </ellipse>
    <points label="temp_center" source="manual" occluded="0" points="1591.80,2456.20" z_order="0">
    </points>
    <points label="temp_tip" source="manual" occluded="0" points="804.50,1862.90" z_order="0">
    </points>
  </image>
  <image id="82" name="PXL_20260125_115120449.jpg" width="3472" height="4624">
    <points label="temp_center" source="manual" occluded="0" points="1453.20,2556.00" z_order="0">
    </points>
    <points label="temp_tip" source="manual" occluded="0" points="804.50,2129.00" z_order="0">
    </points>
    <ellipse label="temp_dial" source="manual" occluded="0" cx="1311.24" cy="2494.06" rx="975.30" ry="1146.95" rotation="36.10" z_order="0">
      <attribute name="temp_c">-7.5</attribute>
    </ellipse>
  </image>
  <image id="83" name="PXL_20260125_115120953.jpg" width="3472" height="4624">
    <ellipse label="temp_dial" source="manual" occluded="0" cx="1169.16" cy="2353.60" rx="964.82" ry="1131.90" rotation="43.10" z_order="0">
      <attribute name="temp_c">-7.5</attribute>
    </ellipse>
    <points label="temp_center" source="manual" occluded="0" points="1325.70,2445.10" z_order="0">
    </points>
    <points label="temp_tip" source="manual" occluded="0" points="627.10,2029.20" z_order="0">
    </points>
  </image>
  <image id="84" name="PXL_20260125_115121320.jpg" width="3472" height="4624">
    <points label="temp_tip" source="manual" occluded="0" points="521.70,2023.70" z_order="0">
    </points>
    <points label="temp_center" source="manual" occluded="0" points="1264.70,2456.20" z_order="0">
    </points>
    <ellipse label="temp_dial" source="manual" occluded="0" cx="1106.31" cy="2374.47" rx="986.74" ry="1157.79" rotation="46.50" z_order="0">
      <attribute name="temp_c">-17.5</attribute>
    </ellipse>
  </image>
  <image id="85" name="PXL_20260125_115122110.jpg" width="3472" height="4624">
    <points label="temp_tip" source="manual" occluded="0" points="491.90,1971.80" z_order="0">
    </points>
    <ellipse label="temp_dial" source="manual" occluded="0" cx="1101.30" cy="2371.43" rx="1067.41" ry="1179.15" rotation="53.90" z_order="0">
      <attribute name="temp_c">-7.5</attribute>
    </ellipse>
    <points label="temp_center" source="manual" occluded="0" points="1229.10,2463.60" z_order="0">
    </points>
  </image>
  <image id="86" name="PXL_20260125_115122663.jpg" width="3472" height="4624">
    <points label="temp_center" source="manual" occluded="0" points="1370.40,2494.50" z_order="0">
    </points>
    <ellipse label="temp_dial" source="manual" occluded="0" cx="1273.34" cy="2381.83" rx="1044.22" ry="1181.11" rotation="64.60" z_order="0">
      <attribute name="temp_c">-7.5</attribute>
    </ellipse>
    <points label="temp_tip" source="manual" occluded="0" points="661.10,1987.30" z_order="0">
    </points>
  </image>
  <image id="87" name="PXL_20260125_115123844.jpg" width="3472" height="4624">
    <points label="temp_center" source="manual" occluded="0" points="1458.70,2391.40" z_order="0">
    </points>
    <ellipse label="temp_dial" source="manual" occluded="0" cx="1421.72" cy="2359.08" rx="1036.26" ry="1008.78" rotation="354.20" z_order="0">
      <attribute name="temp_c">-17.5</attribute>
    </ellipse>
    <points label="temp_tip" source="manual" occluded="0" points="891.80,1854.80" z_order="0">
    </points>
  </image>
  <image id="88" name="PXL_20260125_115124744.jpg" width="3472" height="4624">
    <ellipse label="temp_dial" source="manual" occluded="0" cx="1486.23" cy="2594.48" rx="1670.00" ry="1645.95" rotation="354.20" z_order="0">
      <attribute name="temp_c">-7.5</attribute>
    </ellipse>
    <points label="temp_center" source="manual" occluded="0" points="1601.10,2676.10" z_order="0">
    </points>
    <points label="temp_tip" source="manual" occluded="0" points="641.40,1815.50" z_order="0">
    </points>
  </image>
  <image id="89" name="PXL_20260125_115125409.jpg" width="3472" height="4624">
    <ellipse label="temp_dial" source="manual" occluded="0" cx="1507.71" cy="2322.97" rx="1559.01" ry="1560.88" rotation="355.80" z_order="0">
      <attribute name="temp_c">-7.5</attribute>
    </ellipse>
    <points label="temp_tip" source="manual" occluded="0" points="715.10,1545.50" z_order="0">
    </points>
    <points label="temp_center" source="manual" occluded="0" points="1625.60,2357.00" z_order="0">
    </points>
  </image>
  <image id="90" name="PXL_20260125_115126158.jpg" width="3472" height="4624">
    <points label="temp_center" source="manual" occluded="0" points="1257.50,2268.70" z_order="0">
    </points>
    <ellipse label="temp_dial" source="manual" occluded="0" cx="1208.89" cy="2259.55" rx="621.03" ry="656.88" rotation="354.20" z_order="0">
      <attribute name="temp_c">-7.5</attribute>
    </ellipse>
    <points label="temp_tip" source="manual" occluded="0" points="911.50,1928.40" z_order="0">
    </points>
  </image>
  <image id="91" name="PXL_20260125_115126899.jpg" width="3472" height="4624">
    <ellipse label="temp_dial" source="manual" occluded="0" cx="1093.28" cy="2013.21" rx="584.55" ry="668.75" rotation="307.60" z_order="0">
      <attribute name="temp_c">-7.5</attribute>
    </ellipse>
    <points label="temp_tip" source="manual" occluded="0" points="754.30,1683.00" z_order="0">
    </points>
    <points label="temp_center" source="manual" occluded="0" points="1154.40,2008.50" z_order="0">
    </points>
  </image>
  <image id="92" name="PXL_20260125_115127422.jpg" width="3472" height="4624">
    <ellipse label="temp_dial" source="manual" occluded="0" cx="1123.20" cy="1922.07" rx="559.08" ry="700.36" rotation="295.60" z_order="0">
      <attribute name="temp_c">-17.5</attribute>
    </ellipse>
    <points label="temp_center" source="manual" occluded="0" points="1164.20,1895.60" z_order="0">
    </points>
    <points label="temp_tip" source="manual" occluded="0" points="744.50,1619.20" z_order="0">
    </points>
  </image>
  <image id="93" name="PXL_20260125_115127962.jpg" width="3472" height="4624">
    <points label="temp_tip" source="manual" occluded="0" points="754.30,1467.00" z_order="0">
    </points>
    <ellipse label="temp_dial" source="manual" occluded="0" cx="1159.63" cy="1837.90" rx="758.74" ry="733.67" rotation="354.20" z_order="0">
      <attribute name="temp_c">-7.5</attribute>
    </ellipse>
    <points label="temp_center" source="manual" occluded="0" points="1174.00,1822.00" z_order="0">
    </points>
  </image>
  <image id="94" name="PXL_20260125_115128514.jpg" width="3472" height="4624">
    <points label="temp_center" source="manual" occluded="0" points="1336.00,1826.90" z_order="0">
    </points>
    <ellipse label="temp_dial" source="manual" occluded="0" cx="1349.86" cy="1830.94" rx="833.33" ry="866.77" rotation="9.30" z_order="0">
      <attribute name="temp_c">-7.5</attribute>
    </ellipse>
    <points label="temp_tip" source="manual" occluded="0" points="911.40,1417.90" z_order="0">
    </points>
  </image>
  <image id="95" name="PXL_20260125_115129083.jpg" width="3472" height="4624">
    <points label="temp_tip" source="manual" occluded="0" points="788.70,1525.90" z_order="0">
    </points>
    <ellipse label="temp_dial" source="manual" occluded="0" cx="1219.85" cy="1966.12" rx="800.64" ry="911.37" rotation="16.50" z_order="0">
      <attribute name="temp_c">-7.5</attribute>
    </ellipse>
    <points label="temp_center" source="manual" occluded="0" points="1169.10,1974.20" z_order="0">
    </points>
  </image>
  <image id="96" name="PXL_20260125_115129858.jpg" width="3472" height="4624">
    <points label="temp_center" source="manual" occluded="0" points="1188.70,2160.70" z_order="0">
    </points>
    <points label="temp_tip" source="manual" occluded="0" points="744.50,1683.00" z_order="0">
    </points>
    <ellipse label="temp_dial" source="manual" occluded="0" cx="1198.89" cy="2137.79" rx="881.64" ry="892.78" rotation="354.20" z_order="0">
      <attribute name="temp_c">-7.5</attribute>
    </ellipse>
  </image>
  <image id="97" name="PXL_20260125_115130654.jpg" width="3472" height="4624">
    <points label="temp_center" source="manual" occluded="0" points="1120.00,2224.50" z_order="0">
    </points>
    <points label="temp_tip" source="manual" occluded="0" points="680.70,1791.00" z_order="0">
    </points>
    <ellipse label="temp_dial" source="manual" occluded="0" cx="1113.24" cy="2214.72" rx="844.68" ry="828.53" rotation="8.30" z_order="0">
      <attribute name="temp_c">-17.5</attribute>
    </ellipse>
  </image>
  <image id="98" name="PXL_20260125_115143033.jpg" width="3472" height="4624">
    <points label="temp_center" source="manual" occluded="0" points="1718.90,1974.20" z_order="0">
    </points>
    <points label="temp_tip" source="manual" occluded="0" points="1132.30,1447.40" z_order="0">
    </points>
    <ellipse label="temp_dial" source="manual" occluded="0" cx="1707.52" cy="1932.62" rx="1050.71" ry="1085.19" rotation="354.20" z_order="0">
      <attribute name="temp_c">-7.5</attribute>
    </ellipse>
  </image>
  <image id="99" name="PXL_20260125_115143850.jpg" width="3472" height="4624">
    <ellipse label="temp_dial" source="manual" occluded="0" cx="1735.54" cy="2194.92" rx="1017.24" ry="1038.02" rotation="354.20" z_order="0">
      <attribute name="temp_c">-7.5</attribute>
    </ellipse>
    <points label="temp_tip" source="manual" occluded="0" points="1156.90,1707.50" z_order="0">
    </points>
    <points label="temp_center" source="manual" occluded="0" points="1748.30,2209.80" z_order="0">
    </points>
  </image>
</annotations>
