<?xml version="1.0" encoding="utf-8"?>
<annotations>
  <version>1.1</version>
  <meta>
    <job>
      <id>7</id>
      <size>50</size>
      <mode>annotation</mode>
      <overlap>0</overlap>
      <bugtracker></bugtracker>
      <created>2026-01-26 23:21:07.725791+00:00</created>
      <updated>2026-02-03 23:38:29.116297+00:00</updated>
      <subset>default</subset>
      <start_frame>300</start_frame>
      <stop_frame>349</stop_frame>
      <frame_filter></frame_filter>
      <segments>
        <segment>
          <id>7</id>
          <start>300</start>
          <stop>349</stop>
          <url>http://localhost:8080/api/jobs/7</url>
        </segment>
      </segments>
      <owner>
        <username>django</username>
        <email>latchmepersad@gmail.com</email>
      </owner>
      <assignee></assignee>
      <labels>
        <label>
          <name>temp_dial</name>
          <color>#7b0278</color>
          <type>ellipse</type>
          <attributes>
            <attribute>
              <name>temp_c</name>
              <mutable>True</mutable>
              <input_type>number</input_type>
              <default_value>30</default_value>
              <values>-30
50
0.5</values>
            </attribute>
          </attributes>
        </label>
        <label>
          <name>temp_center</name>
          <color>#39a687</color>
          <type>points</type>
          <attributes>
          </attributes>
        </label>
        <label>
          <name>temp_tip</name>
          <color>#397169</color>
          <type>points</type>
          <attributes>
          </attributes>
        </label>
      </labels>
    </job>
    <dumped>2026-02-03 23:38:37.841819+00:00</dumped>
  </meta>
  <image id="300" name="PXL_20260125_120115570.jpg" width="3472" height="4624">
    <ellipse label="temp_dial" source="manual" occluded="0" cx="1406.32" cy="2393.35" rx="954.87" ry="940.33" rotation="10.00" z_order="0">
      <attribute name="temp_c">37.5</attribute>
    </ellipse>
    <points label="temp_center" source="manual" occluded="0" points="1416.83,2405.45" z_order="0">
    </points>
    <points label="temp_tip" source="manual" occluded="0" points="2099.14,2454.53" z_order="0">
    </points>
  </image>
  <image id="301" name="PXL_20260125_120119590.jpg" width="3472" height="4624">
    <ellipse label="temp_dial" source="manual" occluded="0" cx="1339.35" cy="2610.40" rx="914.05" ry="902.37" rotation="10.00" z_order="0">
      <attribute name="temp_c">37.5</attribute>
    </ellipse>
    <points label="temp_center" source="manual" occluded="0" points="1362.80,2587.10" z_order="0">
    </points>
    <points label="temp_tip" source="manual" occluded="0" points="1971.50,2577.30" z_order="0">
    </points>
  </image>
  <image id="302" name="PXL_20260125_120122658.jpg" width="3472" height="4624">
    <ellipse label="temp_dial" source="manual" occluded="0" cx="1334.01" cy="2702.97" rx="900.01" ry="904.36" rotation="10.00" z_order="0">
      <attribute name="temp_c">37.5</attribute>
    </ellipse>
    <points label="temp_center" source="manual" occluded="0" points="1353.00,2695.10" z_order="0">
    </points>
    <points label="temp_tip" source="manual" occluded="0" points="1966.60,2670.50" z_order="0">
    </points>
  </image>
  <image id="303" name="PXL_20260125_120156218.jpg" width="3472" height="4624">
    <ellipse label="temp_dial" source="manual" occluded="0" cx="1302.66" cy="2686.22" rx="1007.92" ry="1000.45" rotation="10.00" z_order="0">
      <attribute name="temp_c">49</attribute>
    </ellipse>
    <points label="temp_center" source="manual" occluded="0" points="1338.30,2655.80" z_order="0">
    </points>
    <points label="temp_tip" source="manual" occluded="0" points="1927.30,3048.50" z_order="0">
    </points>
  </image>
  <image id="304" name="PXL_20260125_120157736.jpg" width="3472" height="4624">
    <ellipse label="temp_dial" source="manual" occluded="0" cx="1224.13" cy="2812.12" rx="994.68" ry="989.95" rotation="10.00" z_order="0">
      <attribute name="temp_c">49</attribute>
    </ellipse>
    <points label="temp_center" source="manual" occluded="0" points="1264.70,2783.40" z_order="0">
    </points>
    <points label="temp_tip" source="manual" occluded="0" points="1858.60,3181.00" z_order="0">
    </points>
  </image>
  <image id="305" name="PXL_20260125_120158598.jpg" width="3472" height="4624">
    <ellipse label="temp_dial" source="manual" occluded="0" cx="1364.22" cy="2727.75" rx="895.71" ry="899.12" rotation="10.00" z_order="0">
      <attribute name="temp_c">49</attribute>
    </ellipse>
    <points label="temp_center" source="manual" occluded="0" points="1431.60,2685.20" z_order="0">
    </points>
    <points label="temp_tip" source="manual" occluded="0" points="1922.40,3014.10" z_order="0">
    </points>
  </image>
  <image id="306" name="PXL_20260125_120159244.jpg" width="3472" height="4624">
    <ellipse label="temp_dial" source="manual" occluded="0" cx="1510.55" cy="2413.14" rx="1003.63" ry="970.19" rotation="10.00" z_order="0">
      <attribute name="temp_c">49</attribute>
    </ellipse>
    <points label="temp_center" source="manual" occluded="0" points="1544.50,2322.00" z_order="0">
    </points>
    <points label="temp_tip" source="manual" occluded="0" points="2109.00,2763.80" z_order="0">
    </points>
  </image>
  <image id="307" name="PXL_20260125_120159765.jpg" width="3472" height="4624">
    <ellipse label="temp_dial" source="manual" occluded="0" cx="1531.06" cy="2409.78" rx="1013.57" ry="918.84" rotation="10.00" z_order="0">
      <attribute name="temp_c">49</attribute>
    </ellipse>
    <points label="temp_center" source="manual" occluded="0" points="1559.20,2307.30" z_order="0">
    </points>
    <points label="temp_tip" source="manual" occluded="0" points="2138.40,2734.30" z_order="0">
    </points>
  </image>
  <image id="308" name="PXL_20260125_120200165.jpg" width="3472" height="4624">
    <ellipse label="temp_dial" source="manual" occluded="0" cx="1508.48" cy="2640.70" rx="954.87" ry="937.90" rotation="10.00" z_order="0">
      <attribute name="temp_c">49</attribute>
    </ellipse>
    <points label="temp_center" source="manual" occluded="0" points="1470.80,2552.70" z_order="0">
    </points>
    <points label="temp_tip" source="manual" occluded="0" points="2015.70,2960.10" z_order="0">
    </points>
  </image>
  <image id="309" name="PXL_20260125_120200715.jpg" width="3472" height="4624">
    <ellipse label="temp_dial" source="manual" occluded="0" cx="1625.80" cy="2540.81" rx="881.50" ry="985.43" rotation="17.30" z_order="0">
      <attribute name="temp_c">49</attribute>
    </ellipse>
    <points label="temp_center" source="manual" occluded="0" points="1529.70,2488.90" z_order="0">
    </points>
    <points label="temp_tip" source="manual" occluded="0" points="2089.30,2925.80" z_order="0">
    </points>
  </image>
  <image id="310" name="PXL_20260125_120201091.jpg" width="3472" height="4624">
    <ellipse label="temp_dial" source="manual" occluded="0" cx="1599.19" cy="2556.88" rx="808.84" ry="1077.68" rotation="5.00" z_order="0">
      <attribute name="temp_c">49</attribute>
    </ellipse>
    <points label="temp_center" source="manual" occluded="0" points="1470.80,2518.30" z_order="0">
    </points>
    <points label="temp_tip" source="manual" occluded="0" points="2010.80,3048.50" z_order="0">
    </points>
  </image>
  <image id="311" name="PXL_20260125_120201512.jpg" width="3472" height="4624">
    <ellipse label="temp_dial" source="manual" occluded="0" cx="1468.72" cy="2739.03" rx="820.50" ry="1087.97" rotation="0.50" z_order="0">
      <attribute name="temp_c">49</attribute>
    </ellipse>
    <points label="temp_center" source="manual" occluded="0" points="1338.30,2700.00" z_order="0">
    </points>
    <points label="temp_tip" source="manual" occluded="0" points="1868.40,3279.20" z_order="0">
    </points>
  </image>
  <image id="312" name="PXL_20260125_120202164.jpg" width="3472" height="4624">
    <ellipse label="temp_dial" source="manual" occluded="0" cx="1387.58" cy="3222.96" rx="991.87" ry="1028.03" rotation="20.20" z_order="0">
      <attribute name="temp_c">49</attribute>
    </ellipse>
    <points label="temp_center" source="manual" occluded="0" points="1387.40,3122.10" z_order="0">
    </points>
    <points label="temp_tip" source="manual" occluded="0" points="1917.50,3686.60" z_order="0">
    </points>
  </image>
  <image id="313" name="PXL_20260125_120202892.jpg" width="3472" height="4624">
    <ellipse label="temp_dial" source="manual" occluded="0" cx="1299.96" cy="2939.65" rx="1013.29" ry="1022.67" rotation="10.00" z_order="0">
      <attribute name="temp_c">49</attribute>
    </ellipse>
    <points label="temp_center" source="manual" occluded="0" points="1348.10,2866.90" z_order="0">
    </points>
    <points label="temp_tip" source="manual" occluded="0" points="1888.10,3323.40" z_order="0">
    </points>
  </image>
  <image id="314" name="PXL_20260125_120203195.jpg" width="3472" height="4624">
    <ellipse label="temp_dial" source="manual" occluded="0" cx="1466.83" cy="2568.45" rx="973.53" ry="867.86" rotation="333.40" z_order="0">
      <attribute name="temp_c">49</attribute>
    </ellipse>
    <points label="temp_center" source="manual" occluded="0" points="1539.50,2641.10" z_order="0">
    </points>
    <points label="temp_tip" source="manual" occluded="0" points="1986.20,2916.00" z_order="0">
    </points>
  </image>
  <image id="315" name="PXL_20260125_120203460.jpg" width="3472" height="4624">
    <ellipse label="temp_dial" source="manual" occluded="0" cx="1470.67" cy="2579.50" rx="718.40" ry="977.53" rotation="64.90" z_order="0">
      <attribute name="temp_c">49</attribute>
    </ellipse>
    <points label="temp_center" source="manual" occluded="0" points="1539.50,2680.30" z_order="0">
    </points>
    <points label="temp_tip" source="manual" occluded="0" points="1976.40,2911.00" z_order="0">
    </points>
  </image>
  <image id="316" name="PXL_20260125_120204151.jpg" width="3472" height="4624">
    <ellipse label="temp_dial" source="manual" occluded="0" cx="1553.58" cy="2673.15" rx="954.87" ry="940.33" rotation="10.00" z_order="0">
      <attribute name="temp_c">49</attribute>
    </ellipse>
    <points label="temp_center" source="manual" occluded="0" points="1564.10,2700.00" z_order="0">
    </points>
    <points label="temp_tip" source="manual" occluded="0" points="2089.30,3068.10" z_order="0">
    </points>
  </image>
  <image id="317" name="PXL_20260125_120205038.jpg" width="3472" height="4624">
    <ellipse label="temp_dial" source="manual" occluded="0" cx="1229.32" cy="2768.47" rx="774.69" ry="1007.11" rotation="24.30" z_order="0">
      <attribute name="temp_c">49</attribute>
    </ellipse>
    <points label="temp_center" source="manual" occluded="0" points="1367.70,2773.60" z_order="0">
    </points>
    <points label="temp_tip" source="manual" occluded="0" points="1735.90,3068.10" z_order="0">
    </points>
  </image>
  <image id="318" name="PXL_20260125_120205746.jpg" width="3472" height="4624">
    <ellipse label="temp_dial" source="manual" occluded="0" cx="1555.18" cy="2653.39" rx="837.43" ry="977.57" rotation="3.90" z_order="0">
      <attribute name="temp_c">49</attribute>
    </ellipse>
    <points label="temp_center" source="manual" occluded="0" points="1461.00,2616.50" z_order="0">
    </points>
    <points label="temp_tip" source="manual" occluded="0" points="1951.90,3156.50" z_order="0">
    </points>
  </image>
  <image id="319" name="PXL_20260125_120206223.jpg" width="3472" height="4624">
    <ellipse label="temp_dial" source="manual" occluded="0" cx="1477.83" cy="2716.08" rx="777.65" ry="1020.80" rotation="8.60" z_order="0">
      <attribute name="temp_c">49</attribute>
    </ellipse>
    <points label="temp_center" source="manual" occluded="0" points="1377.60,2660.70" z_order="0">
    </points>
    <points label="temp_tip" source="manual" occluded="0" points="1848.80,3215.40" z_order="0">
    </points>
  </image>
  <image id="320" name="PXL_20260125_120206822.jpg" width="3472" height="4624">
    <ellipse label="temp_dial" source="manual" occluded="0" cx="1453.96" cy="2908.32" rx="1025.80" ry="1019.42" rotation="10.00" z_order="0">
      <attribute name="temp_c">49</attribute>
    </ellipse>
    <points label="temp_center" source="manual" occluded="0" points="1436.50,2901.20" z_order="0">
    </points>
    <points label="temp_tip" source="manual" occluded="0" points="1986.20,3411.70" z_order="0">
    </points>
  </image>
  <image id="321" name="PXL_20260125_120207449.jpg" width="3472" height="4624">
    <ellipse label="temp_dial" source="manual" occluded="0" cx="1376.74" cy="2754.94" rx="985.59" ry="979.18" rotation="10.00" z_order="0">
      <attribute name="temp_c">49</attribute>
    </ellipse>
    <points label="temp_center" source="manual" occluded="0" points="1441.40,2754.00" z_order="0">
    </points>
    <points label="temp_tip" source="manual" occluded="0" points="1937.20,3195.70" z_order="0">
    </points>
  </image>
  <image id="322" name="PXL_20260125_120213545.jpg" width="3472" height="4624">
    <ellipse label="temp_dial" source="manual" occluded="0" cx="1612.49" cy="3262.19" rx="954.87" ry="940.33" rotation="10.00" z_order="0">
      <attribute name="temp_c">49</attribute>
    </ellipse>
    <points label="temp_center" source="manual" occluded="0" points="1603.40,3264.50" z_order="0">
    </points>
    <points label="temp_tip" source="manual" occluded="0" points="2099.10,3725.90" z_order="0">
    </points>
  </image>
  <image id="323" name="PXL_20260125_120214176.jpg" width="3472" height="4624">
    <ellipse label="temp_dial" source="manual" occluded="0" cx="1568.31" cy="3276.92" rx="954.87" ry="940.33" rotation="10.00" z_order="0">
      <attribute name="temp_c">49</attribute>
    </ellipse>
    <points label="temp_center" source="manual" occluded="0" points="1529.70,3239.90" z_order="0">
    </points>
    <points label="temp_tip" source="manual" occluded="0" points="2030.40,3745.50" z_order="0">
    </points>
  </image>
  <image id="324" name="PXL_20260125_120215279.jpg" width="3472" height="4624">
    <ellipse label="temp_dial" source="manual" occluded="0" cx="1563.79" cy="3088.17" rx="973.79" ry="901.52" rotation="10.00" z_order="0">
      <attribute name="temp_c">49</attribute>
    </ellipse>
    <points label="temp_center" source="manual" occluded="0" points="1549.40,3131.90" z_order="0">
    </points>
    <points label="temp_tip" source="manual" occluded="0" points="2079.50,3529.50" z_order="0">
    </points>
  </image>
  <image id="325" name="PXL_20260125_120215842.jpg" width="3472" height="4624">
    <ellipse label="temp_dial" source="manual" occluded="0" cx="1597.71" cy="3095.58" rx="987.13" ry="940.33" rotation="10.00" z_order="0">
      <attribute name="temp_c">49</attribute>
    </ellipse>
    <points label="temp_center" source="manual" occluded="0" points="1583.70,3112.30" z_order="0">
    </points>
    <points label="temp_tip" source="manual" occluded="0" points="2089.30,3509.90" z_order="0">
    </points>
  </image>
  <image id="326" name="PXL_20260125_120216417.jpg" width="3472" height="4624">
    <ellipse label="temp_dial" source="manual" occluded="0" cx="1779.80" cy="3069.35" rx="935.43" ry="999.23" rotation="352.30" z_order="0">
      <attribute name="temp_c">49</attribute>
    </ellipse>
    <points label="temp_center" source="manual" occluded="0" points="1686.80,3004.30" z_order="0">
    </points>
    <points label="temp_tip" source="manual" occluded="0" points="2212.00,3568.80" z_order="0">
    </points>
  </image>
  <image id="327" name="PXL_20260125_120216879.jpg" width="3472" height="4624">
    <ellipse label="temp_dial" source="manual" occluded="0" cx="1862.29" cy="3000.35" rx="894.04" ry="1027.08" rotation="350.60" z_order="0">
      <attribute name="temp_c">49</attribute>
    </ellipse>
    <points label="temp_center" source="manual" occluded="0" points="1731.00,2950.30" z_order="0">
    </points>
    <points label="temp_tip" source="manual" occluded="0" points="2275.90,3554.10" z_order="0">
    </points>
  </image>
  <image id="328" name="PXL_20260125_120217241.jpg" width="3472" height="4624">
    <ellipse label="temp_dial" source="manual" occluded="0" cx="1787.67" cy="3029.06" rx="791.78" ry="1031.89" rotation="354.50" z_order="0">
      <attribute name="temp_c">49</attribute>
    </ellipse>
    <points label="temp_center" source="manual" occluded="0" points="1672.10,2999.40" z_order="0">
    </points>
    <points label="temp_tip" source="manual" occluded="0" points="2128.60,3603.20" z_order="0">
    </points>
  </image>
  <image id="329" name="PXL_20260125_120217738.jpg" width="3472" height="4624">
    <ellipse label="temp_dial" source="manual" occluded="0" cx="1724.96" cy="2950.15" rx="1018.56" ry="1003.61" rotation="10.00" z_order="0">
      <attribute name="temp_c">49</attribute>
    </ellipse>
    <points label="temp_center" source="manual" occluded="0" points="1701.50,2955.20" z_order="0">
    </points>
    <points label="temp_tip" source="manual" occluded="0" points="2226.80,3490.30" z_order="0">
    </points>
  </image>
  <image id="330" name="PXL_20260125_120218153.jpg" width="3472" height="4624">
    <ellipse label="temp_dial" source="manual" occluded="0" cx="1552.38" cy="2955.32" rx="987.65" ry="1024.99" rotation="36.60" z_order="0">
      <attribute name="temp_c">49</attribute>
    </ellipse>
    <points label="temp_center" source="manual" occluded="0" points="1618.10,2930.70" z_order="0">
    </points>
    <points label="temp_tip" source="manual" occluded="0" points="2099.10,3411.70" z_order="0">
    </points>
  </image>
  <image id="331" name="PXL_20260125_120218515.jpg" width="3472" height="4624">
    <ellipse label="temp_dial" source="manual" occluded="0" cx="1439.41" cy="2980.93" rx="905.51" ry="1019.49" rotation="35.00" z_order="0">
      <attribute name="temp_c">49</attribute>
    </ellipse>
    <points label="temp_center" source="manual" occluded="0" points="1515.00,2955.20" z_order="0">
    </points>
    <points label="temp_tip" source="manual" occluded="0" points="1961.70,3392.10" z_order="0">
    </points>
  </image>
  <image id="332" name="PXL_20260125_120218758.jpg" width="3472" height="4624">
    <ellipse label="temp_dial" source="manual" occluded="0" cx="1507.13" cy="2972.35" rx="881.31" ry="1017.96" rotation="33.50" z_order="0">
      <attribute name="temp_c">49</attribute>
    </ellipse>
    <points label="temp_center" source="manual" occluded="0" points="1608.30,2969.90" z_order="0">
    </points>
    <points label="temp_tip" source="manual" occluded="0" points="2055.00,3362.60" z_order="0">
    </points>
  </image>
  <image id="333" name="PXL_20260125_120219516.jpg" width="3472" height="4624">
    <ellipse label="temp_dial" source="manual" occluded="0" cx="1502.12" cy="2902.18" rx="711.56" ry="1026.88" rotation="24.40" z_order="0">
      <attribute name="temp_c">49</attribute>
    </ellipse>
    <points label="temp_center" source="manual" occluded="0" points="1608.30,2896.30" z_order="0">
    </points>
    <points label="temp_tip" source="manual" occluded="0" points="1947.00,3264.50" z_order="0">
    </points>
  </image>
  <image id="334" name="PXL_20260125_120220417.jpg" width="3472" height="4624">
    <ellipse label="temp_dial" source="manual" occluded="0" cx="1652.47" cy="3021.13" rx="1051.67" ry="1025.76" rotation="10.00" z_order="0">
      <attribute name="temp_c">49</attribute>
    </ellipse>
    <points label="temp_center" source="manual" occluded="0" points="1701.50,2901.20" z_order="0">
    </points>
    <points label="temp_tip" source="manual" occluded="0" points="2261.10,3421.50" z_order="0">
    </points>
  </image>
  <image id="335" name="PXL_20260125_120220792.jpg" width="3472" height="4624">
    <ellipse label="temp_dial" source="manual" occluded="0" cx="1651.88" cy="2942.22" rx="1010.49" ry="827.42" rotation="10.00" z_order="0">
      <attribute name="temp_c">49</attribute>
    </ellipse>
    <points label="temp_center" source="manual" occluded="0" points="1657.40,2803.10" z_order="0">
    </points>
    <points label="temp_tip" source="manual" occluded="0" points="2256.20,3215.40" z_order="0">
    </points>
  </image>
  <image id="336" name="PXL_20260125_120225344.jpg" width="3472" height="4624">
    <ellipse label="temp_dial" source="manual" occluded="0" cx="1608.54" cy="3916.23" rx="592.61" ry="649.16" rotation="8.40" z_order="0">
      <attribute name="temp_c">49</attribute>
    </ellipse>
    <points label="temp_center" source="manual" occluded="0" points="1598.50,3868.20" z_order="0">
    </points>
    <points label="temp_tip" source="manual" occluded="0" points="1981.30,4133.30" z_order="0">
    </points>
  </image>
  <image id="337" name="PXL_20260125_120226207.jpg" width="3472" height="4624">
    <ellipse label="temp_dial" source="manual" occluded="0" cx="1583.19" cy="3799.53" rx="601.40" ry="645.86" rotation="2.50" z_order="0">
      <attribute name="temp_c">49</attribute>
    </ellipse>
    <points label="temp_center" source="manual" occluded="0" points="1569.00,3750.40" z_order="0">
    </points>
    <points label="temp_tip" source="manual" occluded="0" points="1937.10,4020.40" z_order="0">
    </points>
  </image>
  <image id="338" name="PXL_20260125_120227059.jpg" width="3472" height="4624">
    <ellipse label="temp_dial" source="manual" occluded="0" cx="1596.60" cy="3702.35" rx="608.38" ry="652.97" rotation="10.00" z_order="0">
      <attribute name="temp_c">49</attribute>
    </ellipse>
    <points label="temp_center" source="manual" occluded="0" points="1578.80,3681.70" z_order="0">
    </points>
    <points label="temp_tip" source="manual" occluded="0" points="1942.10,3937.00" z_order="0">
    </points>
  </image>
  <image id="339" name="PXL_20260125_120227628.jpg" width="3472" height="4624">
    <ellipse label="temp_dial" source="manual" occluded="0" cx="1563.71" cy="3628.48" rx="588.43" ry="657.71" rotation="10.90" z_order="0">
      <attribute name="temp_c">49</attribute>
    </ellipse>
    <points label="temp_center" source="manual" occluded="0" points="1554.30,3593.40" z_order="0">
    </points>
    <points label="temp_tip" source="manual" occluded="0" points="1888.10,3863.30" z_order="0">
    </points>
  </image>
  <image id="340" name="PXL_20260125_120228002.jpg" width="3472" height="4624">
    <ellipse label="temp_dial" source="manual" occluded="0" cx="1560.35" cy="3632.94" rx="561.24" ry="649.44" rotation="4.80" z_order="0">
      <attribute name="temp_c">49</attribute>
    </ellipse>
    <points label="temp_center" source="manual" occluded="0" points="1549.40,3583.50" z_order="0">
    </points>
    <points label="temp_tip" source="manual" occluded="0" points="1878.20,3863.30" z_order="0">
    </points>
  </image>
  <image id="341" name="PXL_20260125_120228422.jpg" width="3472" height="4624">
    <ellipse label="temp_dial" source="manual" occluded="0" cx="1626.94" cy="3594.41" rx="602.72" ry="679.76" rotation="5.70" z_order="0">
      <attribute name="temp_c">49</attribute>
    </ellipse>
    <points label="temp_center" source="manual" occluded="0" points="1598.50,3544.30" z_order="0">
    </points>
    <points label="temp_tip" source="manual" occluded="0" points="1956.80,3829.00" z_order="0">
    </points>
  </image>
  <image id="342" name="PXL_20260125_120228748.jpg" width="3472" height="4624">
    <ellipse label="temp_dial" source="manual" occluded="0" cx="1620.37" cy="3522.44" rx="624.45" ry="635.51" rotation="3.20" z_order="0">
      <attribute name="temp_c">49</attribute>
    </ellipse>
    <points label="temp_center" source="manual" occluded="0" points="1618.10,3500.10" z_order="0">
    </points>
    <points label="temp_tip" source="manual" occluded="0" points="2001.00,3755.30" z_order="0">
    </points>
  </image>
  <image id="343" name="PXL_20260125_120230221.jpg" width="3472" height="4624">
    <ellipse label="temp_dial" source="manual" occluded="0" cx="1599.07" cy="3429.31" rx="604.36" ry="657.14" rotation="10.00" z_order="0">
      <attribute name="temp_c">49</attribute>
    </ellipse>
    <points label="temp_center" source="manual" occluded="0" points="1627.90,3397.00" z_order="0">
    </points>
    <points label="temp_tip" source="manual" occluded="0" points="1947.00,3632.60" z_order="0">
    </points>
  </image>
  <image id="344" name="PXL_20260125_120239110.jpg" width="3472" height="4624">
    <ellipse label="temp_dial" source="manual" occluded="0" cx="1629.09" cy="2372.73" rx="636.27" ry="622.76" rotation="9.50" z_order="0">
      <attribute name="temp_c">49</attribute>
    </ellipse>
    <points label="temp_center" source="manual" occluded="0" points="1627.90,2371.10" z_order="0">
    </points>
    <points label="temp_tip" source="manual" occluded="0" points="2010.80,2606.70" z_order="0">
    </points>
  </image>
  <image id="345" name="PXL_20260125_120241619.jpg" width="3472" height="4624">
    <ellipse label="temp_dial" source="manual" occluded="0" cx="1595.89" cy="2507.23" rx="1073.71" ry="1066.99" rotation="10.00" z_order="0">
      <attribute name="temp_c">49</attribute>
    </ellipse>
    <points label="temp_center" source="manual" occluded="0" points="1598.50,2493.80" z_order="0">
    </points>
    <points label="temp_tip" source="manual" occluded="0" points="2236.60,2940.50" z_order="0">
    </points>
  </image>
  <image id="346" name="PXL_20260125_120243838.jpg" width="3472" height="4624">
    <ellipse label="temp_dial" source="manual" occluded="0" cx="1586.28" cy="2567.91" rx="1099.93" ry="1092.72" rotation="10.00" z_order="0">
      <attribute name="temp_c">49</attribute>
    </ellipse>
    <points label="temp_center" source="manual" occluded="0" points="1598.50,2562.50" z_order="0">
    </points>
    <points label="temp_tip" source="manual" occluded="0" points="2256.20,3014.10" z_order="0">
    </points>
  </image>
  <image id="347" name="PXL_20260125_120246531.jpg" width="3472" height="4624">
    <ellipse label="temp_dial" source="manual" occluded="0" cx="2042.49" cy="2448.93" rx="715.29" ry="1082.47" rotation="3.80" z_order="0">
      <attribute name="temp_c">49</attribute>
    </ellipse>
    <points label="temp_center" source="manual" occluded="0" points="1897.90,2415.30" z_order="0">
    </points>
    <points label="temp_tip" source="manual" occluded="0" points="2285.70,3038.70" z_order="0">
    </points>
  </image>
  <image id="348" name="PXL_20260125_120252819.jpg" width="3472" height="4624">
    <ellipse label="temp_dial" source="manual" occluded="0" cx="1631.97" cy="2417.91" rx="806.45" ry="825.74" rotation="10.00" z_order="0">
      <attribute name="temp_c">49</attribute>
    </ellipse>
    <points label="temp_center" source="manual" occluded="0" points="1598.50,2410.40" z_order="0">
    </points>
    <points label="temp_tip" source="manual" occluded="0" points="2099.10,2758.90" z_order="0">
    </points>
  </image>
  <image id="349" name="PXL_20260125_120256738.jpg" width="3472" height="4624">
    <ellipse label="temp_dial" source="manual" occluded="0" cx="1641.09" cy="2442.43" rx="806.61" ry="821.20" rotation="10.00" z_order="0">
      <attribute name="temp_c">49</attribute>
    </ellipse>
    <points label="temp_center" source="manual" occluded="0" points="1608.30,2420.20" z_order="0">
    </points>
    <points label="temp_tip" source="manual" occluded="0" points="2113.90,2700.00" z_order="0">
    </points>
  </image>
</annotations>
